[     198ms] [INFO] %cDownload the React DevTools for a better development experience: https://react.dev/link/react-devtools font-weight:bold @ http://localhost:3000/_next/static/chunks/node_modules_next_dist_1e8vcs8._.js:776
[     210ms] [LOG] [HMR] connected @ http://localhost:3000/_next/static/chunks/node_modules_next_dist_1e8vcs8._.js:776
[    1101ms] [ERROR] Maximum update depth exceeded. This can happen when a component calls setState inside useEffect, but useEffect either doesn't have a dependency array, or one of the dependencies changes on every render. @ http://localhost:3000/_next/static/chunks/node_modules_next_dist_1e8vcs8._.js:1052
[    1752ms] [ERROR] Maximum update depth exceeded. This can happen when a component calls setState inside useEffect, but useEffect either doesn't have a dependency array, or one of the dependencies changes on every render. @ http://localhost:3000/_next/static/chunks/node_modules_next_dist_1e8vcs8._.js:1052
[    3008ms] [ERROR] Maximum update depth exceeded. This can happen when a component calls setState inside useEffect, but useEffect either doesn't have a dependency array, or one of the dependencies changes on every render. @ http://localhost:3000/_next/static/chunks/node_modules_next_dist_1e8vcs8._.js:1052
[    3168ms] [ERROR] Maximum update depth exceeded. This can happen when a component calls setState inside useEffect, but useEffect either doesn't have a dependency array, or one of the dependencies changes on every render. @ http://localhost:3000/_next/static/chunks/node_modules_next_dist_1e8vcs8._.js:1052
[    8110ms] [ERROR] Maximum update depth exceeded. This can happen when a component calls setState inside useEffect, but useEffect either doesn't have a dependency array, or one of the dependencies changes on every render. @ http://localhost:3000/_next/static/chunks/node_modules_next_dist_1e8vcs8._.js:1052
[    8450ms] [ERROR] Maximum update depth exceeded. This can happen when a component calls setState inside useEffect, but useEffect either doesn't have a dependency array, or one of the dependencies changes on every render. @ http://localhost:3000/_next/static/chunks/node_modules_next_dist_1e8vcs8._.js:1052
[    8655ms] [ERROR] Maximum update depth exceeded. This can happen when a component calls setState inside useEffect, but useEffect either doesn't have a dependency array, or one of the dependencies changes on every render. @ http://localhost:3000/_next/static/chunks/node_modules_next_dist_1e8vcs8._.js:1052
[    8925ms] [ERROR] Maximum update depth exceeded. This can happen when a component calls setState inside useEffect, but useEffect either doesn't have a dependency array, or one of the dependencies changes on every render. @ http://localhost:3000/_next/static/chunks/node_modules_next_dist_1e8vcs8._.js:1052
[    9446ms] [ERROR] Maximum update depth exceeded. This can happen when a component calls setState inside useEffect, but useEffect either doesn't have a dependency array, or one of the dependencies changes on every render. @ http://localhost:3000/_next/static/chunks/node_modules_next_dist_1e8vcs8._.js:1052
[    9558ms] [ERROR] Maximum update depth exceeded. This can happen when a component calls setState inside useEffect, but useEffect either doesn't have a dependency array, or one of the dependencies changes on every render. @ http://localhost:3000/_next/static/chunks/node_modules_next_dist_1e8vcs8._.js:1052
[    9964ms] [ERROR] Maximum update depth exceeded. This can happen when a component calls setState inside useEffect, but useEffect either doesn't have a dependency array, or one of the dependencies changes on every render. @ http://localhost:3000/_next/static/chunks/node_modules_next_dist_1e8vcs8._.js:1052
[   10684ms] [ERROR] Maximum update depth exceeded. This can happen when a component calls setState inside useEffect, but useEffect either doesn't have a dependency array, or one of the dependencies changes on every render. @ http://localhost:3000/_next/static/chunks/node_modules_next_dist_1e8vcs8._.js:1052
[   10952ms] [ERROR] Maximum update depth exceeded. This can happen when a component calls setState inside useEffect, but useEffect either doesn't have a dependency array, or one of the dependencies changes on every render. @ http://localhost:3000/_next/static/chunks/node_modules_next_dist_1e8vcs8._.js:1052
[   11332ms] [ERROR] Maximum update depth exceeded. This can happen when a component calls setState inside useEffect, but useEffect either doesn't have a dependency array, or one of the dependencies changes on every render. @ http://localhost:3000/_next/static/chunks/node_modules_next_dist_1e8vcs8._.js:1052
[   13402ms] [ERROR] Maximum update depth exceeded. This can happen when a component calls setState inside useEffect, but useEffect either doesn't have a dependency array, or one of the dependencies changes on every render. @ http://localhost:3000/_next/static/chunks/node_modules_next_dist_1e8vcs8._.js:1052
[   13868ms] [ERROR] Maximum update depth exceeded. This can happen when a component calls setState inside useEffect, but useEffect either doesn't have a dependency array, or one of the dependencies changes on every render. @ http://localhost:3000/_next/static/chunks/node_modules_next_dist_1e8vcs8._.js:1052
[   14142ms] [ERROR] Maximum update depth exceeded. This can happen when a component calls setState inside useEffect, but useEffect either doesn't have a dependency array, or one of the dependencies changes on every render. @ http://localhost:3000/_next/static/chunks/node_modules_next_dist_1e8vcs8._.js:1052
[   14593ms] [ERROR] Maximum update depth exceeded. This can happen when a component calls setState inside useEffect, but useEffect either doesn't have a dependency array, or one of the dependencies changes on every render. @ http://localhost:3000/_next/static/chunks/node_modules_next_dist_1e8vcs8._.js:1052
[   14722ms] [ERROR] Maximum update depth exceeded. This can happen when a component calls setState inside useEffect, but useEffect either doesn't have a dependency array, or one of the dependencies changes on every render. @ http://localhost:3000/_next/static/chunks/node_modules_next_dist_1e8vcs8._.js:1052
[   15231ms] [ERROR] Maximum update depth exceeded. This can happen when a component calls setState inside useEffect, but useEffect either doesn't have a dependency array, or one of the dependencies changes on every render. @ http://localhost:3000/_next/static/chunks/node_modules_next_dist_1e8vcs8._.js:1052
[   16095ms] [ERROR] Maximum update depth exceeded. This can happen when a component calls setState inside useEffect, but useEffect either doesn't have a dependency array, or one of the dependencies changes on every render. @ http://localhost:3000/_next/static/chunks/node_modules_next_dist_1e8vcs8._.js:1052
[   16220ms] [ERROR] Maximum update depth exceeded. This can happen when a component calls setState inside useEffect, but useEffect either doesn't have a dependency array, or one of the dependencies changes on every render. @ http://localhost:3000/_next/static/chunks/node_modules_next_dist_1e8vcs8._.js:1052
[   19365ms] [ERROR] Maximum update depth exceeded. This can happen when a component calls setState inside useEffect, but useEffect either doesn't have a dependency array, or one of the dependencies changes on every render. @ http://localhost:3000/_next/static/chunks/node_modules_next_dist_1e8vcs8._.js:1052
[   19722ms] [ERROR] Maximum update depth exceeded. This can happen when a component calls setState inside useEffect, but useEffect either doesn't have a dependency array, or one of the dependencies changes on every render. @ http://localhost:3000/_next/static/chunks/node_modules_next_dist_1e8vcs8._.js:1052
[   19833ms] [ERROR] Maximum update depth exceeded. This can happen when a component calls setState inside useEffect, but useEffect either doesn't have a dependency array, or one of the dependencies changes on every render. @ http://localhost:3000/_next/static/chunks/node_modules_next_dist_1e8vcs8._.js:1052
[   20129ms] [ERROR] Maximum update depth exceeded. This can happen when a component calls setState inside useEffect, but useEffect either doesn't have a dependency array, or one of the dependencies changes on every render. @ http://localhost:3000/_next/static/chunks/node_modules_next_dist_1e8vcs8._.js:1052
[   20219ms] [ERROR] Maximum update depth exceeded. This can happen when a component calls setState inside useEffect, but useEffect either doesn't have a dependency array, or one of the dependencies changes on every render. @ http://localhost:3000/_next/static/chunks/node_modules_next_dist_1e8vcs8._.js:1052
[   20313ms] [ERROR] Maximum update depth exceeded. This can happen when a component calls setState inside useEffect, but useEffect either doesn't have a dependency array, or one of the dependencies changes on every render. @ http://localhost:3000/_next/static/chunks/node_modules_next_dist_1e8vcs8._.js:1052
[   20405ms] [ERROR] Maximum update depth exceeded. This can happen when a component calls setState inside useEffect, but useEffect either doesn't have a dependency array, or one of the dependencies changes on every render. @ http://localhost:3000/_next/static/chunks/node_modules_next_dist_1e8vcs8._.js:1052
[   20540ms] [ERROR] Maximum update depth exceeded. This can happen when a component calls setState inside useEffect, but useEffect either doesn't have a dependency array, or one of the dependencies changes on every render. @ http://localhost:3000/_next/static/chunks/node_modules_next_dist_1e8vcs8._.js:1052
[   21018ms] [ERROR] Maximum update depth exceeded. This can happen when a component calls setState inside useEffect, but useEffect either doesn't have a dependency array, or one of the dependencies changes on every render. @ http://localhost:3000/_next/static/chunks/node_modules_next_dist_1e8vcs8._.js:1052
[   21128ms] [ERROR] Maximum update depth exceeded. This can happen when a component calls setState inside useEffect, but useEffect either doesn't have a dependency array, or one of the dependencies changes on every render. @ http://localhost:3000/_next/static/chunks/node_modules_next_dist_1e8vcs8._.js:1052
[   21319ms] [ERROR] Maximum update depth exceeded. This can happen when a component calls setState inside useEffect, but useEffect either doesn't have a dependency array, or one of the dependencies changes on every render. @ http://localhost:3000/_next/static/chunks/node_modules_next_dist_1e8vcs8._.js:1052
[   21438ms] [ERROR] Maximum update depth exceeded. This can happen when a component calls setState inside useEffect, but useEffect either doesn't have a dependency array, or one of the dependencies changes on every render. @ http://localhost:3000/_next/static/chunks/node_modules_next_dist_1e8vcs8._.js:1052
[   21729ms] [ERROR] Maximum update depth exceeded. This can happen when a component calls setState inside useEffect, but useEffect either doesn't have a dependency array, or one of the dependencies changes on every render. @ http://localhost:3000/_next/static/chunks/node_modules_next_dist_1e8vcs8._.js:1052
[   21849ms] [ERROR] Maximum update depth exceeded. This can happen when a component calls setState inside useEffect, but useEffect either doesn't have a dependency array, or one of the dependencies changes on every render. @ http://localhost:3000/_next/static/chunks/node_modules_next_dist_1e8vcs8._.js:1052
[   22021ms] [ERROR] Maximum update depth exceeded. This can happen when a component calls setState inside useEffect, but useEffect either doesn't have a dependency array, or one of the dependencies changes on every render. @ http://localhost:3000/_next/static/chunks/node_modules_next_dist_1e8vcs8._.js:1052
[   22192ms] [ERROR] Maximum update depth exceeded. This can happen when a component calls setState inside useEffect, but useEffect either doesn't have a dependency array, or one of the dependencies changes on every render. @ http://localhost:3000/_next/static/chunks/node_modules_next_dist_1e8vcs8._.js:1052
[   22514ms] [ERROR] Maximum update depth exceeded. This can happen when a component calls setState inside useEffect, but useEffect either doesn't have a dependency array, or one of the dependencies changes on every render. @ http://localhost:3000/_next/static/chunks/node_modules_next_dist_1e8vcs8._.js:1052
[   22629ms] [ERROR] Maximum update depth exceeded. This can happen when a component calls setState inside useEffect, but useEffect either doesn't have a dependency array, or one of the dependencies changes on every render. @ http://localhost:3000/_next/static/chunks/node_modules_next_dist_1e8vcs8._.js:1052
[   23167ms] [ERROR] Maximum update depth exceeded. This can happen when a component calls setState inside useEffect, but useEffect either doesn't have a dependency array, or one of the dependencies changes on every render. @ http://localhost:3000/_next/static/chunks/node_modules_next_dist_1e8vcs8._.js:1052
[   23479ms] [ERROR] Maximum update depth exceeded. This can happen when a component calls setState inside useEffect, but useEffect either doesn't have a dependency array, or one of the dependencies changes on every render. @ http://localhost:3000/_next/static/chunks/node_modules_next_dist_1e8vcs8._.js:1052
[   23572ms] [ERROR] Maximum update depth exceeded. This can happen when a component calls setState inside useEffect, but useEffect either doesn't have a dependency array, or one of the dependencies changes on every render. @ http://localhost:3000/_next/static/chunks/node_modules_next_dist_1e8vcs8._.js:1052
[   23670ms] [ERROR] Maximum update depth exceeded. This can happen when a component calls setState inside useEffect, but useEffect either doesn't have a dependency array, or one of the dependencies changes on every render. @ http://localhost:3000/_next/static/chunks/node_modules_next_dist_1e8vcs8._.js:1052
[   23918ms] [ERROR] Maximum update depth exceeded. This can happen when a component calls setState inside useEffect, but useEffect either doesn't have a dependency array, or one of the dependencies changes on every render. @ http://localhost:3000/_next/static/chunks/node_modules_next_dist_1e8vcs8._.js:1052
[   26324ms] [ERROR] Maximum update depth exceeded. This can happen when a component calls setState inside useEffect, but useEffect either doesn't have a dependency array, or one of the dependencies changes on every render. @ http://localhost:3000/_next/static/chunks/node_modules_next_dist_1e8vcs8._.js:1052
[   26582ms] [ERROR] Maximum update depth exceeded. This can happen when a component calls setState inside useEffect, but useEffect either doesn't have a dependency array, or one of the dependencies changes on every render. @ http://localhost:3000/_next/static/chunks/node_modules_next_dist_1e8vcs8._.js:1052
[   26702ms] [ERROR] Maximum update depth exceeded. This can happen when a component calls setState inside useEffect, but useEffect either doesn't have a dependency array, or one of the dependencies changes on every render. @ http://localhost:3000/_next/static/chunks/node_modules_next_dist_1e8vcs8._.js:1052
[   26819ms] [ERROR] Maximum update depth exceeded. This can happen when a component calls setState inside useEffect, but useEffect either doesn't have a dependency array, or one of the dependencies changes on every render. @ http://localhost:3000/_next/static/chunks/node_modules_next_dist_1e8vcs8._.js:1052
[   27578ms] [ERROR] Maximum update depth exceeded. This can happen when a component calls setState inside useEffect, but useEffect either doesn't have a dependency array, or one of the dependencies changes on every render. @ http://localhost:3000/_next/static/chunks/node_modules_next_dist_1e8vcs8._.js:1052
[   28491ms] [ERROR] Maximum update depth exceeded. This can happen when a component calls setState inside useEffect, but useEffect either doesn't have a dependency array, or one of the dependencies changes on every render. @ http://localhost:3000/_next/static/chunks/node_modules_next_dist_1e8vcs8._.js:1052
[   28658ms] [ERROR] Maximum update depth exceeded. This can happen when a component calls setState inside useEffect, but useEffect either doesn't have a dependency array, or one of the dependencies changes on every render. @ http://localhost:3000/_next/static/chunks/node_modules_next_dist_1e8vcs8._.js:1052
[   28956ms] [ERROR] Maximum update depth exceeded. This can happen when a component calls setState inside useEffect, but useEffect either doesn't have a dependency array, or one of the dependencies changes on every render. @ http://localhost:3000/_next/static/chunks/node_modules_next_dist_1e8vcs8._.js:1052
[   29088ms] [ERROR] Maximum update depth exceeded. This can happen when a component calls setState inside useEffect, but useEffect either doesn't have a dependency array, or one of the dependencies changes on every render. @ http://localhost:3000/_next/static/chunks/node_modules_next_dist_1e8vcs8._.js:1052
[   29312ms] [ERROR] Maximum update depth exceeded. This can happen when a component calls setState inside useEffect, but useEffect either doesn't have a dependency array, or one of the dependencies changes on every render. @ http://localhost:3000/_next/static/chunks/node_modules_next_dist_1e8vcs8._.js:1052
[   29450ms] [ERROR] Maximum update depth exceeded. This can happen when a component calls setState inside useEffect, but useEffect either doesn't have a dependency array, or one of the dependencies changes on every render. @ http://localhost:3000/_next/static/chunks/node_modules_next_dist_1e8vcs8._.js:1052
[   29817ms] [ERROR] Maximum update depth exceeded. This can happen when a component calls setState inside useEffect, but useEffect either doesn't have a dependency array, or one of the dependencies changes on every render. @ http://localhost:3000/_next/static/chunks/node_modules_next_dist_1e8vcs8._.js:1052
[   30322ms] [ERROR] Maximum update depth exceeded. This can happen when a component calls setState inside useEffect, but useEffect either doesn't have a dependency array, or one of the dependencies changes on every render. @ http://localhost:3000/_next/static/chunks/node_modules_next_dist_1e8vcs8._.js:1052
[   32304ms] [ERROR] Maximum update depth exceeded. This can happen when a component calls setState inside useEffect, but useEffect either doesn't have a dependency array, or one of the dependencies changes on every render. @ http://localhost:3000/_next/static/chunks/node_modules_next_dist_1e8vcs8._.js:1052
[   32545ms] [ERROR] Maximum update depth exceeded. This can happen when a component calls setState inside useEffect, but useEffect either doesn't have a dependency array, or one of the dependencies changes on every render. @ http://localhost:3000/_next/static/chunks/node_modules_next_dist_1e8vcs8._.js:1052
[   33128ms] [ERROR] Maximum update depth exceeded. This can happen when a component calls setState inside useEffect, but useEffect either doesn't have a dependency array, or one of the dependencies changes on every render. @ http://localhost:3000/_next/static/chunks/node_modules_next_dist_1e8vcs8._.js:1052
[   33298ms] [ERROR] Maximum update depth exceeded. This can happen when a component calls setState inside useEffect, but useEffect either doesn't have a dependency array, or one of the dependencies changes on every render. @ http://localhost:3000/_next/static/chunks/node_modules_next_dist_1e8vcs8._.js:1052
[   33493ms] [ERROR] Maximum update depth exceeded. This can happen when a component calls setState inside useEffect, but useEffect either doesn't have a dependency array, or one of the dependencies changes on every render. @ http://localhost:3000/_next/static/chunks/node_modules_next_dist_1e8vcs8._.js:1052
[   33882ms] [ERROR] Maximum update depth exceeded. This can happen when a component calls setState inside useEffect, but useEffect either doesn't have a dependency array, or one of the dependencies changes on every render. @ http://localhost:3000/_next/static/chunks/node_modules_next_dist_1e8vcs8._.js:1052
[   34094ms] [ERROR] Maximum update depth exceeded. This can happen when a component calls setState inside useEffect, but useEffect either doesn't have a dependency array, or one of the dependencies changes on every render. @ http://localhost:3000/_next/static/chunks/node_modules_next_dist_1e8vcs8._.js:1052
[   35685ms] [ERROR] Maximum update depth exceeded. This can happen when a component calls setState inside useEffect, but useEffect either doesn't have a dependency array, or one of the dependencies changes on every render. @ http://localhost:3000/_next/static/chunks/node_modules_next_dist_1e8vcs8._.js:1052
[   36015ms] [ERROR] Maximum update depth exceeded. This can happen when a component calls setState inside useEffect, but useEffect either doesn't have a dependency array, or one of the dependencies changes on every render. @ http://localhost:3000/_next/static/chunks/node_modules_next_dist_1e8vcs8._.js:1052
[   36202ms] [ERROR] Maximum update depth exceeded. This can happen when a component calls setState inside useEffect, but useEffect either doesn't have a dependency array, or one of the dependencies changes on every render. @ http://localhost:3000/_next/static/chunks/node_modules_next_dist_1e8vcs8._.js:1052
[   36369ms] [ERROR] Maximum update depth exceeded. This can happen when a component calls setState inside useEffect, but useEffect either doesn't have a dependency array, or one of the dependencies changes on every render. @ http://localhost:3000/_next/static/chunks/node_modules_next_dist_1e8vcs8._.js:1052
[   37830ms] [ERROR] Maximum update depth exceeded. This can happen when a component calls setState inside useEffect, but useEffect either doesn't have a dependency array, or one of the dependencies changes on every render. @ http://localhost:3000/_next/static/chunks/node_modules_next_dist_1e8vcs8._.js:1052
[   38155ms] [ERROR] Maximum update depth exceeded. This can happen when a component calls setState inside useEffect, but useEffect either doesn't have a dependency array, or one of the dependencies changes on every render. @ http://localhost:3000/_next/static/chunks/node_modules_next_dist_1e8vcs8._.js:1052
[   38578ms] [ERROR] Maximum update depth exceeded. This can happen when a component calls setState inside useEffect, but useEffect either doesn't have a dependency array, or one of the dependencies changes on every render. @ http://localhost:3000/_next/static/chunks/node_modules_next_dist_1e8vcs8._.js:1052
[   39064ms] [ERROR] Maximum update depth exceeded. This can happen when a component calls setState inside useEffect, but useEffect either doesn't have a dependency array, or one of the dependencies changes on every render. @ http://localhost:3000/_next/static/chunks/node_modules_next_dist_1e8vcs8._.js:1052
[   39148ms] [ERROR] Maximum update depth exceeded. This can happen when a component calls setState inside useEffect, but useEffect either doesn't have a dependency array, or one of the dependencies changes on every render. @ http://localhost:3000/_next/static/chunks/node_modules_next_dist_1e8vcs8._.js:1052
[   39812ms] [ERROR] Maximum update depth exceeded. This can happen when a component calls setState inside useEffect, but useEffect either doesn't have a dependency array, or one of the dependencies changes on every render. @ http://localhost:3000/_next/static/chunks/node_modules_next_dist_1e8vcs8._.js:1052
[   40031ms] [ERROR] Maximum update depth exceeded. This can happen when a component calls setState inside useEffect, but useEffect either doesn't have a dependency array, or one of the dependencies changes on every render. @ http://localhost:3000/_next/static/chunks/node_modules_next_dist_1e8vcs8._.js:1052
[   40139ms] [ERROR] Maximum update depth exceeded. This can happen when a component calls setState inside useEffect, but useEffect either doesn't have a dependency array, or one of the dependencies changes on every render. @ http://localhost:3000/_next/static/chunks/node_modules_next_dist_1e8vcs8._.js:1052
[   40305ms] [ERROR] Maximum update depth exceeded. This can happen when a component calls setState inside useEffect, but useEffect either doesn't have a dependency array, or one of the dependencies changes on every render. @ http://localhost:3000/_next/static/chunks/node_modules_next_dist_1e8vcs8._.js:1052
[   40511ms] [ERROR] Maximum update depth exceeded. This can happen when a component calls setState inside useEffect, but useEffect either doesn't have a dependency array, or one of the dependencies changes on every render. @ http://localhost:3000/_next/static/chunks/node_modules_next_dist_1e8vcs8._.js:1052
[   40791ms] [ERROR] Maximum update depth exceeded. This can happen when a component calls setState inside useEffect, but useEffect either doesn't have a dependency array, or one of the dependencies changes on every render. @ http://localhost:3000/_next/static/chunks/node_modules_next_dist_1e8vcs8._.js:1052
[   41042ms] [ERROR] Maximum update depth exceeded. This can happen when a component calls setState inside useEffect, but useEffect either doesn't have a dependency array, or one of the dependencies changes on every render. @ http://localhost:3000/_next/static/chunks/node_modules_next_dist_1e8vcs8._.js:1052
[   41139ms] [ERROR] Maximum update depth exceeded. This can happen when a component calls setState inside useEffect, but useEffect either doesn't have a dependency array, or one of the dependencies changes on every render. @ http://localhost:3000/_next/static/chunks/node_modules_next_dist_1e8vcs8._.js:1052
[   44645ms] [ERROR] Maximum update depth exceeded. This can happen when a component calls setState inside useEffect, but useEffect either doesn't have a dependency array, or one of the dependencies changes on every render. @ http://localhost:3000/_next/static/chunks/node_modules_next_dist_1e8vcs8._.js:1052
[   46642ms] [ERROR] Failed to load resource: net::ERR_INSUFFICIENT_RESOURCES @ http://localhost:5261/api/v1/admin/typography:0
[   46643ms] [ERROR] Failed to load resource: net::ERR_INSUFFICIENT_RESOURCES @ http://localhost:5261/api/v1/admin/typography:0
[   46644ms] [ERROR] Failed to load resource: net::ERR_INSUFFICIENT_RESOURCES @ http://localhost:5261/api/v1/admin/typography:0
[   46645ms] [ERROR] Failed to load resource: net::ERR_INSUFFICIENT_RESOURCES @ http://localhost:5261/api/v1/admin/typography:0
[   46645ms] [ERROR] Failed to load resource: net::ERR_INSUFFICIENT_RESOURCES @ http://localhost:5261/api/v1/admin/typography:0
[   46646ms] [ERROR] Failed to load resource: net::ERR_INSUFFICIENT_RESOURCES @ http://localhost:5261/api/v1/admin/typography:0
[   46650ms] [ERROR] Failed to load resource: net::ERR_INSUFFICIENT_RESOURCES @ http://localhost:5261/api/v1/admin/typography:0
[   46668ms] [ERROR] Failed to load resource: net::ERR_INSUFFICIENT_RESOURCES @ http://localhost:5261/api/v1/admin/typography:0
[   46669ms] [ERROR] Failed to load resource: net::ERR_INSUFFICIENT_RESOURCES @ http://localhost:5261/api/v1/admin/typography:0
[   46671ms] [ERROR] Failed to load resource: net::ERR_INSUFFICIENT_RESOURCES @ http://localhost:5261/api/v1/admin/typography:0
[   46671ms] [ERROR] Failed to load resource: net::ERR_INSUFFICIENT_RESOURCES @ http://localhost:5261/api/v1/admin/typography:0
[   46673ms] [ERROR] Failed to load resource: net::ERR_INSUFFICIENT_RESOURCES @ http://localhost:5261/api/v1/admin/typography:0
[   46673ms] [ERROR] Failed to load resource: net::ERR_INSUFFICIENT_RESOURCES @ http://localhost:5261/api/v1/admin/typography:0
[   46676ms] [ERROR] Failed to load resource: net::ERR_INSUFFICIENT_RESOURCES @ http://localhost:5261/api/v1/admin/typography:0
[   46676ms] [ERROR] Failed to load resource: net::ERR_INSUFFICIENT_RESOURCES @ http://localhost:5261/api/v1/admin/typography:0
[   46676ms] [ERROR] Failed to load resource: net::ERR_INSUFFICIENT_RESOURCES @ http://localhost:5261/api/v1/admin/typography:0
[   46677ms] [ERROR] Failed to load resource: net::ERR_INSUFFICIENT_RESOURCES @ http://localhost:5261/api/v1/admin/typography:0
[   46679ms] [ERROR] Failed to load resource: net::ERR_INSUFFICIENT_RESOURCES @ http://localhost:5261/api/v1/admin/typography:0
[   46683ms] [ERROR] Failed to load resource: net::ERR_INSUFFICIENT_RESOURCES @ http://localhost:5261/api/v1/admin/typography:0
[   46683ms] [ERROR] Failed to load resource: net::ERR_INSUFFICIENT_RESOURCES @ http://localhost:5261/api/v1/admin/typography:0
[   46683ms] [ERROR] Failed to load resource: net::ERR_INSUFFICIENT_RESOURCES @ http://localhost:5261/api/v1/admin/typography:0
[   46684ms] [ERROR] Failed to load resource: net::ERR_INSUFFICIENT_RESOURCES @ http://localhost:5261/api/v1/admin/typography:0
[   46688ms] [ERROR] Failed to load resource: net::ERR_INSUFFICIENT_RESOURCES @ http://localhost:5261/api/v1/admin/typography:0
[   46689ms] [ERROR] Failed to load resource: net::ERR_INSUFFICIENT_RESOURCES @ http://localhost:5261/api/v1/admin/typography:0
[   46692ms] [ERROR] Failed to load resource: net::ERR_INSUFFICIENT_RESOURCES @ http://localhost:5261/api/v1/admin/typography:0
[   46692ms] [ERROR] Failed to load resource: net::ERR_INSUFFICIENT_RESOURCES @ http://localhost:5261/api/v1/admin/typography:0
[   46692ms] [ERROR] Failed to load resource: net::ERR_INSUFFICIENT_RESOURCES @ http://localhost:5261/api/v1/admin/typography:0
[   46695ms] [ERROR] Failed to load resource: net::ERR_INSUFFICIENT_RESOURCES @ http://localhost:5261/api/v1/admin/typography:0
[   46695ms] [ERROR] Failed to load resource: net::ERR_INSUFFICIENT_RESOURCES @ http://localhost:5261/api/v1/admin/typography:0
[   46700ms] [ERROR] Failed to load resource: net::ERR_INSUFFICIENT_RESOURCES @ http://localhost:5261/api/v1/admin/typography:0
[   46700ms] [ERROR] Failed to load resource: net::ERR_INSUFFICIENT_RESOURCES @ http://localhost:5261/api/v1/admin/typography:0
[   46702ms] [ERROR] Failed to load resource: net::ERR_INSUFFICIENT_RESOURCES @ http://localhost:5261/api/v1/admin/typography:0
[   46704ms] [ERROR] Failed to load resource: net::ERR_INSUFFICIENT_RESOURCES @ http://localhost:5261/api/v1/admin/typography:0
[   46704ms] [ERROR] Failed to load resource: net::ERR_INSUFFICIENT_RESOURCES @ http://localhost:5261/api/v1/admin/typography:0
[   46704ms] [ERROR] Failed to load resource: net::ERR_INSUFFICIENT_RESOURCES @ http://localhost:5261/api/v1/admin/typography:0
[   46707ms] [ERROR] Failed to load resource: net::ERR_INSUFFICIENT_RESOURCES @ http://localhost:5261/api/v1/admin/typography:0
[   46707ms] [ERROR] Failed to load resource: net::ERR_INSUFFICIENT_RESOURCES @ http://localhost:5261/api/v1/admin/typography:0
[   46707ms] [ERROR] Failed to load resource: net::ERR_INSUFFICIENT_RESOURCES @ http://localhost:5261/api/v1/admin/typography:0
[   46709ms] [ERROR] Failed to load resource: net::ERR_INSUFFICIENT_RESOURCES @ http://localhost:5261/api/v1/admin/typography:0
[   46709ms] [ERROR] Failed to load resource: net::ERR_INSUFFICIENT_RESOURCES @ http://localhost:5261/api/v1/admin/typography:0
[   46709ms] [ERROR] Failed to load resource: net::ERR_INSUFFICIENT_RESOURCES @ http://localhost:5261/api/v1/admin/typography:0
[   46709ms] [ERROR] Failed to load resource: net::ERR_INSUFFICIENT_RESOURCES @ http://localhost:5261/api/v1/admin/typography:0
[   46712ms] [ERROR] Failed to load resource: net::ERR_INSUFFICIENT_RESOURCES @ http://localhost:5261/api/v1/admin/typography:0
[   46715ms] [ERROR] Failed to load resource: net::ERR_INSUFFICIENT_RESOURCES @ http://localhost:5261/api/v1/admin/typography:0
[   46715ms] [ERROR] Failed to load resource: net::ERR_INSUFFICIENT_RESOURCES @ http://localhost:5261/api/v1/admin/typography:0
[   46715ms] [ERROR] Failed to load resource: net::ERR_INSUFFICIENT_RESOURCES @ http://localhost:5261/api/v1/admin/typography:0
[   46717ms] [ERROR] Failed to load resource: net::ERR_INSUFFICIENT_RESOURCES @ http://localhost:5261/api/v1/admin/typography:0
[   46723ms] [ERROR] Failed to load resource: net::ERR_INSUFFICIENT_RESOURCES @ http://localhost:5261/api/v1/admin/typography:0
[   46723ms] [ERROR] Failed to load resource: net::ERR_INSUFFICIENT_RESOURCES @ http://localhost:5261/api/v1/admin/typography:0
[   46723ms] [ERROR] Failed to load resource: net::ERR_INSUFFICIENT_RESOURCES @ http://localhost:5261/api/v1/admin/typography:0
[   46728ms] [ERROR] Failed to load resource: net::ERR_INSUFFICIENT_RESOURCES @ http://localhost:5261/api/v1/admin/typography:0
[   46730ms] [ERROR] Failed to load resource: net::ERR_INSUFFICIENT_RESOURCES @ http://localhost:5261/api/v1/admin/typography:0
[   46730ms] [ERROR] Failed to load resource: net::ERR_INSUFFICIENT_RESOURCES @ http://localhost:5261/api/v1/admin/typography:0
[   46731ms] [ERROR] Failed to load resource: net::ERR_INSUFFICIENT_RESOURCES @ http://localhost:5261/api/v1/admin/typography:0
[   46734ms] [ERROR] Failed to load resource: net::ERR_INSUFFICIENT_RESOURCES @ http://localhost:5261/api/v1/admin/typography:0
[   46739ms] [ERROR] Failed to load resource: net::ERR_INSUFFICIENT_RESOURCES @ http://localhost:5261/api/v1/admin/typography:0
[   46740ms] [ERROR] Failed to load resource: net::ERR_INSUFFICIENT_RESOURCES @ http://localhost:5261/api/v1/admin/typography:0
[   46740ms] [ERROR] Failed to load resource: net::ERR_INSUFFICIENT_RESOURCES @ http://localhost:5261/api/v1/admin/typography:0
[   46742ms] [ERROR] Failed to load resource: net::ERR_INSUFFICIENT_RESOURCES @ http://localhost:5261/api/v1/admin/typography:0
[   46744ms] [ERROR] Failed to load resource: net::ERR_INSUFFICIENT_RESOURCES @ http://localhost:5261/api/v1/admin/typography:0
[   46744ms] [ERROR] Failed to load resource: net::ERR_INSUFFICIENT_RESOURCES @ http://localhost:5261/api/v1/admin/typography:0
[   46744ms] [ERROR] Failed to load resource: net::ERR_INSUFFICIENT_RESOURCES @ http://localhost:5261/api/v1/admin/typography:0
[   46744ms] [ERROR] Failed to load resource: net::ERR_INSUFFICIENT_RESOURCES @ http://localhost:5261/api/v1/admin/typography:0
[   46744ms] [ERROR] Failed to load resource: net::ERR_INSUFFICIENT_RESOURCES @ http://localhost:5261/api/v1/admin/typography:0
[   46745ms] [ERROR] Failed to load resource: net::ERR_INSUFFICIENT_RESOURCES @ http://localhost:5261/api/v1/admin/typography:0
[   46746ms] [ERROR] Failed to load resource: net::ERR_INSUFFICIENT_RESOURCES @ http://localhost:5261/api/v1/admin/typography:0
[   46749ms] [ERROR] Failed to load resource: net::ERR_INSUFFICIENT_RESOURCES @ http://localhost:5261/api/v1/admin/typography:0
[   46749ms] [ERROR] Failed to load resource: net::ERR_INSUFFICIENT_RESOURCES @ http://localhost:5261/api/v1/admin/typography:0
[   46749ms] [ERROR] Failed to load resource: net::ERR_INSUFFICIENT_RESOURCES @ http://localhost:5261/api/v1/admin/typography:0
[   46749ms] [ERROR] Failed to load resource: net::ERR_INSUFFICIENT_RESOURCES @ http://localhost:5261/api/v1/admin/typography:0
[   46750ms] [ERROR] Failed to load resource: net::ERR_INSUFFICIENT_RESOURCES @ http://localhost:5261/api/v1/admin/typography:0
[   46750ms] [ERROR] Failed to load resource: net::ERR_INSUFFICIENT_RESOURCES @ http://localhost:5261/api/v1/admin/typography:0
[   46753ms] [ERROR] Failed to load resource: net::ERR_INSUFFICIENT_RESOURCES @ http://localhost:5261/api/v1/admin/typography:0
[   46753ms] [ERROR] Failed to load resource: net::ERR_INSUFFICIENT_RESOURCES @ http://localhost:5261/api/v1/admin/typography:0
[   46753ms] [ERROR] Failed to load resource: net::ERR_INSUFFICIENT_RESOURCES @ http://localhost:5261/api/v1/admin/typography:0
[   46755ms] [ERROR] Failed to load resource: net::ERR_INSUFFICIENT_RESOURCES @ http://localhost:5261/api/v1/admin/typography:0
[   46755ms] [ERROR] Failed to load resource: net::ERR_INSUFFICIENT_RESOURCES @ http://localhost:5261/api/v1/admin/typography:0
[   46755ms] [ERROR] Failed to load resource: net::ERR_INSUFFICIENT_RESOURCES @ http://localhost:5261/api/v1/admin/typography:0
[   46757ms] [ERROR] Failed to load resource: net::ERR_INSUFFICIENT_RESOURCES @ http://localhost:5261/api/v1/admin/typography:0
[   46757ms] [ERROR] Failed to load resource: net::ERR_INSUFFICIENT_RESOURCES @ http://localhost:5261/api/v1/admin/typography:0
[   46760ms] [ERROR] Failed to load resource: net::ERR_INSUFFICIENT_RESOURCES @ http://localhost:5261/api/v1/admin/typography:0
[   46760ms] [ERROR] Failed to load resource: net::ERR_INSUFFICIENT_RESOURCES @ http://localhost:5261/api/v1/admin/typography:0
[   46762ms] [ERROR] Failed to load resource: net::ERR_INSUFFICIENT_RESOURCES @ http://localhost:5261/api/v1/admin/typography:0
[   46765ms] [ERROR] Maximum update depth exceeded. This can happen when a component calls setState inside useEffect, but useEffect either doesn't have a dependency array, or one of the dependencies changes on every render. @ http://localhost:3000/_next/static/chunks/node_modules_next_dist_1e8vcs8._.js:1052
[   46766ms] [ERROR] Failed to load resource: net::ERR_INSUFFICIENT_RESOURCES @ http://localhost:5261/api/v1/admin/typography:0
[   46822ms] [ERROR] Failed to load resource: net::ERR_INSUFFICIENT_RESOURCES @ http://localhost:5261/api/v1/admin/typography:0
[   46822ms] [ERROR] Failed to load resource: net::ERR_INSUFFICIENT_RESOURCES @ http://localhost:5261/api/v1/admin/typography:0
[   46823ms] [ERROR] Failed to load resource: net::ERR_INSUFFICIENT_RESOURCES @ http://localhost:5261/api/v1/admin/typography:0
[   46826ms] [ERROR] Failed to load resource: net::ERR_INSUFFICIENT_RESOURCES @ http://localhost:5261/api/v1/admin/typography:0
[   46826ms] [ERROR] Failed to load resource: net::ERR_INSUFFICIENT_RESOURCES @ http://localhost:5261/api/v1/admin/typography:0
[   46834ms] [ERROR] Failed to load resource: net::ERR_INSUFFICIENT_RESOURCES @ http://localhost:5261/api/v1/admin/typography:0
[   46834ms] [ERROR] Failed to load resource: net::ERR_INSUFFICIENT_RESOURCES @ http://localhost:5261/api/v1/admin/typography:0
[   46835ms] [ERROR] Failed to load resource: net::ERR_INSUFFICIENT_RESOURCES @ http://localhost:5261/api/v1/admin/typography:0
[   46838ms] [ERROR] Failed to load resource: net::ERR_INSUFFICIENT_RESOURCES @ http://localhost:5261/api/v1/admin/typography:0
[   46838ms] [ERROR] Failed to load resource: net::ERR_INSUFFICIENT_RESOURCES @ http://localhost:5261/api/v1/admin/typography:0
[   46840ms] [ERROR] Failed to load resource: net::ERR_INSUFFICIENT_RESOURCES @ http://localhost:5261/api/v1/admin/typography:0
[   46842ms] [ERROR] Failed to load resource: net::ERR_INSUFFICIENT_RESOURCES @ http://localhost:5261/api/v1/admin/typography:0
[   46842ms] [ERROR] Failed to load resource: net::ERR_INSUFFICIENT_RESOURCES @ http://localhost:5261/api/v1/admin/typography:0
[   46844ms] [ERROR] Failed to load resource: net::ERR_INSUFFICIENT_RESOURCES @ http://localhost:5261/api/v1/admin/typography:0
[   46846ms] [ERROR] Failed to load resource: net::ERR_INSUFFICIENT_RESOURCES @ http://localhost:5261/api/v1/admin/typography:0
[   46846ms] [ERROR] Failed to load resource: net::ERR_INSUFFICIENT_RESOURCES @ http://localhost:5261/api/v1/admin/typography:0
[   46846ms] [ERROR] Failed to load resource: net::ERR_INSUFFICIENT_RESOURCES @ http://localhost:5261/api/v1/admin/typography:0
[   46848ms] [ERROR] Failed to load resource: net::ERR_INSUFFICIENT_RESOURCES @ http://localhost:5261/api/v1/admin/typography:0
[   46857ms] [ERROR] Failed to load resource: net::ERR_INSUFFICIENT_RESOURCES @ http://localhost:5261/api/v1/admin/typography:0
[   46857ms] [ERROR] Failed to load resource: net::ERR_INSUFFICIENT_RESOURCES @ http://localhost:5261/api/v1/admin/typography:0
[   46857ms] [ERROR] Failed to load resource: net::ERR_INSUFFICIENT_RESOURCES @ http://localhost:5261/api/v1/admin/typography:0
[   46860ms] [ERROR] Failed to load resource: net::ERR_INSUFFICIENT_RESOURCES @ http://localhost:5261/api/v1/admin/typography:0
[   46860ms] [ERROR] Failed to load resource: net::ERR_INSUFFICIENT_RESOURCES @ http://localhost:5261/api/v1/admin/typography:0
[   46861ms] [ERROR] Failed to load resource: net::ERR_INSUFFICIENT_RESOURCES @ http://localhost:5261/api/v1/admin/typography:0
[   46861ms] [ERROR] Failed to load resource: net::ERR_INSUFFICIENT_RESOURCES @ http://localhost:5261/api/v1/admin/typography:0
[   46864ms] [ERROR] Failed to load resource: net::ERR_INSUFFICIENT_RESOURCES @ http://localhost:5261/api/v1/admin/typography:0
[   46864ms] [ERROR] Failed to load resource: net::ERR_INSUFFICIENT_RESOURCES @ http://localhost:5261/api/v1/admin/typography:0
[   46866ms] [ERROR] Failed to load resource: net::ERR_INSUFFICIENT_RESOURCES @ http://localhost:5261/api/v1/admin/typography:0
[   46868ms] [ERROR] Failed to load resource: net::ERR_INSUFFICIENT_RESOURCES @ http://localhost:5261/api/v1/admin/typography:0
[   46872ms] [ERROR] Failed to load resource: net::ERR_INSUFFICIENT_RESOURCES @ http://localhost:5261/api/v1/admin/typography:0
[   46874ms] [ERROR] Failed to load resource: net::ERR_INSUFFICIENT_RESOURCES @ http://localhost:5261/api/v1/admin/typography:0
[   46875ms] [ERROR] Maximum update depth exceeded. This can happen when a component calls setState inside useEffect, but useEffect either doesn't have a dependency array, or one of the dependencies changes on every render. @ http://localhost:3000/_next/static/chunks/node_modules_next_dist_1e8vcs8._.js:1052
[   46876ms] [ERROR] Failed to load resource: net::ERR_INSUFFICIENT_RESOURCES @ http://localhost:5261/api/v1/admin/typography:0
[   46876ms] [ERROR] Failed to load resource: net::ERR_INSUFFICIENT_RESOURCES @ http://localhost:5261/api/v1/admin/typography:0
[   46893ms] [ERROR] Failed to load resource: net::ERR_INSUFFICIENT_RESOURCES @ http://localhost:5261/api/v1/admin/typography:0
[   46893ms] [ERROR] Failed to load resource: net::ERR_INSUFFICIENT_RESOURCES @ http://localhost:5261/api/v1/admin/typography:0
[   46893ms] [ERROR] Failed to load resource: net::ERR_INSUFFICIENT_RESOURCES @ http://localhost:5261/api/v1/admin/typography:0
[   46895ms] [ERROR] Failed to load resource: net::ERR_INSUFFICIENT_RESOURCES @ http://localhost:5261/api/v1/admin/typography:0
[   46895ms] [ERROR] Failed to load resource: net::ERR_INSUFFICIENT_RESOURCES @ http://localhost:5261/api/v1/admin/typography:0
[   46898ms] [ERROR] Failed to load resource: net::ERR_INSUFFICIENT_RESOURCES @ http://localhost:5261/api/v1/admin/typography:0
[   46901ms] [ERROR] Failed to load resource: net::ERR_INSUFFICIENT_RESOURCES @ http://localhost:5261/api/v1/admin/typography:0
[   46901ms] [ERROR] Failed to load resource: net::ERR_INSUFFICIENT_RESOURCES @ http://localhost:5261/api/v1/admin/typography:0
[   46902ms] [ERROR] Failed to load resource: net::ERR_INSUFFICIENT_RESOURCES @ http://localhost:5261/api/v1/admin/typography:0
[   46909ms] [ERROR] Failed to load resource: net::ERR_INSUFFICIENT_RESOURCES @ http://localhost:5261/api/v1/admin/typography:0
[   46910ms] [ERROR] Failed to load resource: net::ERR_INSUFFICIENT_RESOURCES @ http://localhost:5261/api/v1/admin/typography:0
[   46910ms] [ERROR] Failed to load resource: net::ERR_INSUFFICIENT_RESOURCES @ http://localhost:5261/api/v1/admin/typography:0
[   46910ms] [ERROR] Failed to load resource: net::ERR_INSUFFICIENT_RESOURCES @ http://localhost:5261/api/v1/admin/typography:0
[   46911ms] [ERROR] Failed to load resource: net::ERR_INSUFFICIENT_RESOURCES @ http://localhost:5261/api/v1/admin/typography:0
[   46912ms] [ERROR] Failed to load resource: net::ERR_INSUFFICIENT_RESOURCES @ http://localhost:5261/api/v1/admin/typography:0
[   46914ms] [ERROR] Failed to load resource: net::ERR_INSUFFICIENT_RESOURCES @ http://localhost:5261/api/v1/admin/typography:0
[   46914ms] [ERROR] Failed to load resource: net::ERR_INSUFFICIENT_RESOURCES @ http://localhost:5261/api/v1/admin/typography:0
[   46914ms] [ERROR] Failed to load resource: net::ERR_INSUFFICIENT_RESOURCES @ http://localhost:5261/api/v1/admin/typography:0
[   46914ms] [ERROR] Failed to load resource: net::ERR_INSUFFICIENT_RESOURCES @ http://localhost:5261/api/v1/admin/typography:0
[   46916ms] [ERROR] Failed to load resource: net::ERR_INSUFFICIENT_RESOURCES @ http://localhost:5261/api/v1/admin/typography:0
[   46918ms] [ERROR] Failed to load resource: net::ERR_INSUFFICIENT_RESOURCES @ http://localhost:5261/api/v1/admin/typography:0
[   46918ms] [ERROR] Failed to load resource: net::ERR_INSUFFICIENT_RESOURCES @ http://localhost:5261/api/v1/admin/typography:0
[   46918ms] [ERROR] Failed to load resource: net::ERR_INSUFFICIENT_RESOURCES @ http://localhost:5261/api/v1/admin/typography:0
[   46919ms] [ERROR] Failed to load resource: net::ERR_INSUFFICIENT_RESOURCES @ http://localhost:5261/api/v1/admin/typography:0
[   46919ms] [ERROR] Failed to load resource: net::ERR_INSUFFICIENT_RESOURCES @ http://localhost:5261/api/v1/admin/typography:0
[   46922ms] [ERROR] Failed to load resource: net::ERR_INSUFFICIENT_RESOURCES @ http://localhost:5261/api/v1/admin/typography:0
[   46922ms] [ERROR] Failed to load resource: net::ERR_INSUFFICIENT_RESOURCES @ http://localhost:5261/api/v1/admin/typography:0
[   46922ms] [ERROR] Failed to load resource: net::ERR_INSUFFICIENT_RESOURCES @ http://localhost:5261/api/v1/admin/typography:0
[   46933ms] [ERROR] Failed to load resource: net::ERR_INSUFFICIENT_RESOURCES @ http://localhost:5261/api/v1/admin/typography:0
[   46933ms] [ERROR] Failed to load resource: net::ERR_INSUFFICIENT_RESOURCES @ http://localhost:5261/api/v1/admin/typography:0
[   46938ms] [ERROR] Failed to load resource: net::ERR_INSUFFICIENT_RESOURCES @ http://localhost:5261/api/v1/admin/typography:0
[   46938ms] [ERROR] Failed to load resource: net::ERR_INSUFFICIENT_RESOURCES @ http://localhost:5261/api/v1/admin/typography:0
[   46938ms] [ERROR] Failed to load resource: net::ERR_INSUFFICIENT_RESOURCES @ http://localhost:5261/api/v1/admin/typography:0
[   46940ms] [ERROR] Failed to load resource: net::ERR_INSUFFICIENT_RESOURCES @ http://localhost:5261/api/v1/admin/typography:0
[   46941ms] [ERROR] Failed to load resource: net::ERR_INSUFFICIENT_RESOURCES @ http://localhost:5261/api/v1/admin/typography:0
[   46941ms] [ERROR] Failed to load resource: net::ERR_INSUFFICIENT_RESOURCES @ http://localhost:5261/api/v1/admin/typography:0
[   46942ms] [ERROR] Failed to load resource: net::ERR_INSUFFICIENT_RESOURCES @ http://localhost:5261/api/v1/admin/typography:0
[   46945ms] [ERROR] Failed to load resource: net::ERR_INSUFFICIENT_RESOURCES @ http://localhost:5261/api/v1/admin/typography:0
[   46945ms] [ERROR] Failed to load resource: net::ERR_INSUFFICIENT_RESOURCES @ http://localhost:5261/api/v1/admin/typography:0
[   46948ms] [ERROR] Failed to load resource: net::ERR_INSUFFICIENT_RESOURCES @ http://localhost:5261/api/v1/admin/typography:0
[   46950ms] [ERROR] Failed to load resource: net::ERR_INSUFFICIENT_RESOURCES @ http://localhost:5261/api/v1/admin/typography:0
[   46952ms] [ERROR] Failed to load resource: net::ERR_INSUFFICIENT_RESOURCES @ http://localhost:5261/api/v1/admin/typography:0
[   46953ms] [ERROR] Failed to load resource: net::ERR_INSUFFICIENT_RESOURCES @ http://localhost:5261/api/v1/admin/typography:0
[   46953ms] [ERROR] Failed to load resource: net::ERR_INSUFFICIENT_RESOURCES @ http://localhost:5261/api/v1/admin/typography:0
[   46954ms] [ERROR] Failed to load resource: net::ERR_INSUFFICIENT_RESOURCES @ http://localhost:5261/api/v1/admin/typography:0
[   46954ms] [ERROR] Failed to load resource: net::ERR_INSUFFICIENT_RESOURCES @ http://localhost:5261/api/v1/admin/typography:0
[   46965ms] [ERROR] Failed to load resource: net::ERR_INSUFFICIENT_RESOURCES @ http://localhost:5261/api/v1/admin/typography:0
[   46967ms] [ERROR] Failed to load resource: net::ERR_INSUFFICIENT_RESOURCES @ http://localhost:5261/api/v1/admin/typography:0
[   46967ms] [ERROR] Failed to load resource: net::ERR_INSUFFICIENT_RESOURCES @ http://localhost:5261/api/v1/admin/typography:0
[   46969ms] [ERROR] Failed to load resource: net::ERR_INSUFFICIENT_RESOURCES @ http://localhost:5261/api/v1/admin/typography:0
[   46969ms] [ERROR] Failed to load resource: net::ERR_INSUFFICIENT_RESOURCES @ http://localhost:5261/api/v1/admin/typography:0
[   46969ms] [ERROR] Failed to load resource: net::ERR_INSUFFICIENT_RESOURCES @ http://localhost:5261/api/v1/admin/typography:0
[   46971ms] [ERROR] Failed to load resource: net::ERR_INSUFFICIENT_RESOURCES @ http://localhost:5261/api/v1/admin/typography:0
[   46971ms] [ERROR] Failed to load resource: net::ERR_INSUFFICIENT_RESOURCES @ http://localhost:5261/api/v1/admin/typography:0
[   46971ms] [ERROR] Failed to load resource: net::ERR_INSUFFICIENT_RESOURCES @ http://localhost:5261/api/v1/admin/typography:0
[   46974ms] [ERROR] Failed to load resource: net::ERR_INSUFFICIENT_RESOURCES @ http://localhost:5261/api/v1/admin/typography:0
[   46974ms] [ERROR] Failed to load resource: net::ERR_INSUFFICIENT_RESOURCES @ http://localhost:5261/api/v1/admin/typography:0
[   46974ms] [ERROR] Failed to load resource: net::ERR_INSUFFICIENT_RESOURCES @ http://localhost:5261/api/v1/admin/typography:0
[   46976ms] [ERROR] Failed to load resource: net::ERR_INSUFFICIENT_RESOURCES @ http://localhost:5261/api/v1/admin/typography:0
[   46976ms] [ERROR] Failed to load resource: net::ERR_INSUFFICIENT_RESOURCES @ http://localhost:5261/api/v1/admin/typography:0
[   46976ms] [ERROR] Failed to load resource: net::ERR_INSUFFICIENT_RESOURCES @ http://localhost:5261/api/v1/admin/typography:0
[   46978ms] [ERROR] Failed to load resource: net::ERR_INSUFFICIENT_RESOURCES @ http://localhost:5261/api/v1/admin/typography:0
[   46978ms] [ERROR] Failed to load resource: net::ERR_INSUFFICIENT_RESOURCES @ http://localhost:5261/api/v1/admin/typography:0
[   46978ms] [ERROR] Failed to load resource: net::ERR_INSUFFICIENT_RESOURCES @ http://localhost:5261/api/v1/admin/typography:0
[   46978ms] [ERROR] Failed to load resource: net::ERR_INSUFFICIENT_RESOURCES @ http://localhost:5261/api/v1/admin/typography:0
[   46982ms] [ERROR] Failed to load resource: net::ERR_INSUFFICIENT_RESOURCES @ http://localhost:5261/api/v1/admin/typography:0
[   46982ms] [ERROR] Failed to load resource: net::ERR_INSUFFICIENT_RESOURCES @ http://localhost:5261/api/v1/admin/typography:0
[   46982ms] [ERROR] Failed to load resource: net::ERR_INSUFFICIENT_RESOURCES @ http://localhost:5261/api/v1/admin/typography:0
[   46985ms] [ERROR] Failed to load resource: net::ERR_INSUFFICIENT_RESOURCES @ http://localhost:5261/api/v1/admin/typography:0
[   46985ms] [ERROR] Failed to load resource: net::ERR_INSUFFICIENT_RESOURCES @ http://localhost:5261/api/v1/admin/typography:0
[   46988ms] [ERROR] Failed to load resource: net::ERR_INSUFFICIENT_RESOURCES @ http://localhost:5261/api/v1/admin/typography:0
[   46989ms] [ERROR] Failed to load resource: net::ERR_INSUFFICIENT_RESOURCES @ http://localhost:5261/api/v1/admin/typography:0
[   46990ms] [ERROR] Failed to load resource: net::ERR_INSUFFICIENT_RESOURCES @ http://localhost:5261/api/v1/admin/typography:0
[   46991ms] [ERROR] Failed to load resource: net::ERR_INSUFFICIENT_RESOURCES @ http://localhost:5261/api/v1/admin/typography:0
[   46991ms] [ERROR] Failed to load resource: net::ERR_INSUFFICIENT_RESOURCES @ http://localhost:5261/api/v1/admin/typography:0
[   46994ms] [ERROR] Failed to load resource: net::ERR_INSUFFICIENT_RESOURCES @ http://localhost:5261/api/v1/admin/typography:0
[   46994ms] [ERROR] Failed to load resource: net::ERR_INSUFFICIENT_RESOURCES @ http://localhost:5261/api/v1/admin/typography:0
[   46998ms] [ERROR] Failed to load resource: net::ERR_INSUFFICIENT_RESOURCES @ http://localhost:5261/api/v1/admin/typography:0
[   46998ms] [ERROR] Failed to load resource: net::ERR_INSUFFICIENT_RESOURCES @ http://localhost:5261/api/v1/admin/typography:0
[   46998ms] [ERROR] Failed to load resource: net::ERR_INSUFFICIENT_RESOURCES @ http://localhost:5261/api/v1/admin/typography:0
[   47001ms] [ERROR] Failed to load resource: net::ERR_INSUFFICIENT_RESOURCES @ http://localhost:5261/api/v1/admin/typography:0
[   47001ms] [ERROR] Failed to load resource: net::ERR_INSUFFICIENT_RESOURCES @ http://localhost:5261/api/v1/admin/typography:0
[   47001ms] [ERROR] Failed to load resource: net::ERR_INSUFFICIENT_RESOURCES @ http://localhost:5261/api/v1/admin/typography:0
[   47002ms] [ERROR] Failed to load resource: net::ERR_INSUFFICIENT_RESOURCES @ http://localhost:5261/api/v1/admin/typography:0
[   47002ms] [ERROR] Failed to load resource: net::ERR_INSUFFICIENT_RESOURCES @ http://localhost:5261/api/v1/admin/typography:0
[   47005ms] [ERROR] Failed to load resource: net::ERR_INSUFFICIENT_RESOURCES @ http://localhost:5261/api/v1/admin/typography:0
[   47005ms] [ERROR] Failed to load resource: net::ERR_INSUFFICIENT_RESOURCES @ http://localhost:5261/api/v1/admin/typography:0
[   47005ms] [ERROR] Failed to load resource: net::ERR_INSUFFICIENT_RESOURCES @ http://localhost:5261/api/v1/admin/typography:0
[   47008ms] [ERROR] Failed to load resource: net::ERR_INSUFFICIENT_RESOURCES @ http://localhost:5261/api/v1/admin/typography:0
[   47008ms] [ERROR] Failed to load resource: net::ERR_INSUFFICIENT_RESOURCES @ http://localhost:5261/api/v1/admin/typography:0
[   47008ms] [ERROR] Failed to load resource: net::ERR_INSUFFICIENT_RESOURCES @ http://localhost:5261/api/v1/admin/typography:0
[   47008ms] [ERROR] Failed to load resource: net::ERR_INSUFFICIENT_RESOURCES @ http://localhost:5261/api/v1/admin/typography:0
[   47008ms] [ERROR] Failed to load resource: net::ERR_INSUFFICIENT_RESOURCES @ http://localhost:5261/api/v1/admin/typography:0
[   47010ms] [ERROR] Failed to load resource: net::ERR_INSUFFICIENT_RESOURCES @ http://localhost:5261/api/v1/admin/typography:0
[   47010ms] [ERROR] Failed to load resource: net::ERR_INSUFFICIENT_RESOURCES @ http://localhost:5261/api/v1/admin/typography:0
[   47010ms] [ERROR] Failed to load resource: net::ERR_INSUFFICIENT_RESOURCES @ http://localhost:5261/api/v1/admin/typography:0
[   47017ms] [ERROR] Failed to load resource: net::ERR_INSUFFICIENT_RESOURCES @ http://localhost:5261/api/v1/admin/typography:0
[   47019ms] [ERROR] Failed to load resource: net::ERR_INSUFFICIENT_RESOURCES @ http://localhost:5261/api/v1/admin/typography:0
[   47019ms] [ERROR] Failed to load resource: net::ERR_INSUFFICIENT_RESOURCES @ http://localhost:5261/api/v1/admin/typography:0
[   47023ms] [ERROR] Failed to load resource: net::ERR_INSUFFICIENT_RESOURCES @ http://localhost:5261/api/v1/admin/typography:0
[   47023ms] [ERROR] Failed to load resource: net::ERR_INSUFFICIENT_RESOURCES @ http://localhost:5261/api/v1/admin/typography:0
[   47030ms] [ERROR] Failed to load resource: net::ERR_INSUFFICIENT_RESOURCES @ http://localhost:5261/api/v1/admin/typography:0
[   47040ms] [ERROR] Failed to load resource: net::ERR_INSUFFICIENT_RESOURCES @ http://localhost:5261/api/v1/admin/typography:0
[   47041ms] [ERROR] Failed to load resource: net::ERR_INSUFFICIENT_RESOURCES @ http://localhost:5261/api/v1/admin/typography:0
[   47041ms] [ERROR] Failed to load resource: net::ERR_INSUFFICIENT_RESOURCES @ http://localhost:5261/api/v1/admin/typography:0
[   47043ms] [ERROR] Failed to load resource: net::ERR_INSUFFICIENT_RESOURCES @ http://localhost:5261/api/v1/admin/typography:0
[   47043ms] [ERROR] Failed to load resource: net::ERR_INSUFFICIENT_RESOURCES @ http://localhost:5261/api/v1/admin/typography:0
[   47049ms] [ERROR] Failed to load resource: net::ERR_INSUFFICIENT_RESOURCES @ http://localhost:5261/api/v1/admin/typography:0
[   47049ms] [ERROR] Failed to load resource: net::ERR_INSUFFICIENT_RESOURCES @ http://localhost:5261/api/v1/admin/typography:0
[   47049ms] [ERROR] Failed to load resource: net::ERR_INSUFFICIENT_RESOURCES @ http://localhost:5261/api/v1/admin/typography:0
[   47052ms] [ERROR] Failed to load resource: net::ERR_INSUFFICIENT_RESOURCES @ http://localhost:5261/api/v1/admin/typography:0
[   47052ms] [ERROR] Failed to load resource: net::ERR_INSUFFICIENT_RESOURCES @ http://localhost:5261/api/v1/admin/typography:0
[   47057ms] [ERROR] Failed to load resource: net::ERR_INSUFFICIENT_RESOURCES @ http://localhost:5261/api/v1/admin/typography:0
[   47058ms] [ERROR] Failed to load resource: net::ERR_INSUFFICIENT_RESOURCES @ http://localhost:5261/api/v1/admin/typography:0
[   47060ms] [ERROR] Failed to load resource: net::ERR_INSUFFICIENT_RESOURCES @ http://localhost:5261/api/v1/admin/typography:0
[   47060ms] [ERROR] Failed to load resource: net::ERR_INSUFFICIENT_RESOURCES @ http://localhost:5261/api/v1/admin/typography:0
[   47063ms] [ERROR] Failed to load resource: net::ERR_INSUFFICIENT_RESOURCES @ http://localhost:5261/api/v1/admin/typography:0
[   47064ms] [ERROR] Failed to load resource: net::ERR_INSUFFICIENT_RESOURCES @ http://localhost:5261/api/v1/admin/typography:0
[   47064ms] [ERROR] Failed to load resource: net::ERR_INSUFFICIENT_RESOURCES @ http://localhost:5261/api/v1/admin/typography:0
[   47064ms] [ERROR] Failed to load resource: net::ERR_INSUFFICIENT_RESOURCES @ http://localhost:5261/api/v1/admin/typography:0
[   47066ms] [ERROR] Failed to load resource: net::ERR_INSUFFICIENT_RESOURCES @ http://localhost:5261/api/v1/admin/typography:0
[   47066ms] [ERROR] Failed to load resource: net::ERR_INSUFFICIENT_RESOURCES @ http://localhost:5261/api/v1/admin/typography:0
[   47066ms] [ERROR] Failed to load resource: net::ERR_INSUFFICIENT_RESOURCES @ http://localhost:5261/api/v1/admin/typography:0
[   47066ms] [ERROR] Failed to load resource: net::ERR_INSUFFICIENT_RESOURCES @ http://localhost:5261/api/v1/admin/typography:0
[   47070ms] [ERROR] Failed to load resource: net::ERR_INSUFFICIENT_RESOURCES @ http://localhost:5261/api/v1/admin/typography:0
[   47070ms] [ERROR] Failed to load resource: net::ERR_INSUFFICIENT_RESOURCES @ http://localhost:5261/api/v1/admin/typography:0
[   47074ms] [ERROR] Failed to load resource: net::ERR_INSUFFICIENT_RESOURCES @ http://localhost:5261/api/v1/admin/typography:0
[   47075ms] [ERROR] Failed to load resource: net::ERR_INSUFFICIENT_RESOURCES @ http://localhost:5261/api/v1/admin/typography:0
[   47075ms] [ERROR] Failed to load resource: net::ERR_INSUFFICIENT_RESOURCES @ http://localhost:5261/api/v1/admin/typography:0
[   47079ms] [ERROR] Failed to load resource: net::ERR_INSUFFICIENT_RESOURCES @ http://localhost:5261/api/v1/admin/typography:0
[   47083ms] [ERROR] Failed to load resource: net::ERR_INSUFFICIENT_RESOURCES @ http://localhost:5261/api/v1/admin/typography:0
[   47085ms] [ERROR] Failed to load resource: net::ERR_INSUFFICIENT_RESOURCES @ http://localhost:5261/api/v1/admin/typography:0
[   47099ms] [ERROR] Failed to load resource: net::ERR_INSUFFICIENT_RESOURCES @ http://localhost:5261/api/v1/admin/typography:0
[   47100ms] [ERROR] Failed to load resource: net::ERR_INSUFFICIENT_RESOURCES @ http://localhost:5261/api/v1/admin/typography:0
[   47102ms] [ERROR] Failed to load resource: net::ERR_INSUFFICIENT_RESOURCES @ http://localhost:5261/api/v1/admin/typography:0
[   47102ms] [ERROR] Failed to load resource: net::ERR_INSUFFICIENT_RESOURCES @ http://localhost:5261/api/v1/admin/typography:0
[   47106ms] [ERROR] Failed to load resource: net::ERR_INSUFFICIENT_RESOURCES @ http://localhost:5261/api/v1/admin/typography:0
[   47106ms] [ERROR] Failed to load resource: net::ERR_INSUFFICIENT_RESOURCES @ http://localhost:5261/api/v1/admin/typography:0
[   47109ms] [ERROR] Failed to load resource: net::ERR_INSUFFICIENT_RESOURCES @ http://localhost:5261/api/v1/admin/typography:0
[   47111ms] [ERROR] Failed to load resource: net::ERR_INSUFFICIENT_RESOURCES @ http://localhost:5261/api/v1/admin/typography:0
[   47111ms] [ERROR] Failed to load resource: net::ERR_INSUFFICIENT_RESOURCES @ http://localhost:5261/api/v1/admin/typography:0
[   47121ms] [ERROR] Failed to load resource: net::ERR_INSUFFICIENT_RESOURCES @ http://localhost:5261/api/v1/admin/typography:0
[   47122ms] [ERROR] Failed to load resource: net::ERR_INSUFFICIENT_RESOURCES @ http://localhost:5261/api/v1/admin/typography:0
[   47122ms] [ERROR] Failed to load resource: net::ERR_INSUFFICIENT_RESOURCES @ http://localhost:5261/api/v1/admin/typography:0
[   47122ms] [ERROR] Failed to load resource: net::ERR_INSUFFICIENT_RESOURCES @ http://localhost:5261/api/v1/admin/typography:0
[   47122ms] [ERROR] Failed to load resource: net::ERR_INSUFFICIENT_RESOURCES @ http://localhost:5261/api/v1/admin/typography:0
[   47122ms] [ERROR] Failed to load resource: net::ERR_INSUFFICIENT_RESOURCES @ http://localhost:5261/api/v1/admin/typography:0
[   47126ms] [ERROR] Failed to load resource: net::ERR_INSUFFICIENT_RESOURCES @ http://localhost:5261/api/v1/admin/typography:0
[   47126ms] [ERROR] Failed to load resource: net::ERR_INSUFFICIENT_RESOURCES @ http://localhost:5261/api/v1/admin/typography:0
[   47130ms] [ERROR] Failed to load resource: net::ERR_INSUFFICIENT_RESOURCES @ http://localhost:5261/api/v1/admin/typography:0
[   47130ms] [ERROR] Failed to load resource: net::ERR_INSUFFICIENT_RESOURCES @ http://localhost:5261/api/v1/admin/typography:0
[   47147ms] [ERROR] Maximum update depth exceeded. This can happen when a component calls setState inside useEffect, but useEffect either doesn't have a dependency array, or one of the dependencies changes on every render. @ http://localhost:3000/_next/static/chunks/node_modules_next_dist_1e8vcs8._.js:1052
[   47149ms] [ERROR] Failed to load resource: net::ERR_INSUFFICIENT_RESOURCES @ http://localhost:5261/api/v1/admin/typography:0
[   47149ms] [ERROR] Failed to load resource: net::ERR_INSUFFICIENT_RESOURCES @ http://localhost:5261/api/v1/admin/typography:0
[   47149ms] [ERROR] Failed to load resource: net::ERR_INSUFFICIENT_RESOURCES @ http://localhost:5261/api/v1/admin/typography:0
[   47149ms] [ERROR] Failed to load resource: net::ERR_INSUFFICIENT_RESOURCES @ http://localhost:5261/api/v1/admin/typography:0
[   47149ms] [ERROR] Failed to load resource: net::ERR_INSUFFICIENT_RESOURCES @ http://localhost:5261/api/v1/admin/typography:0
[   47150ms] [ERROR] Failed to load resource: net::ERR_INSUFFICIENT_RESOURCES @ http://localhost:5261/api/v1/admin/typography:0
[   47152ms] [ERROR] Failed to load resource: net::ERR_INSUFFICIENT_RESOURCES @ http://localhost:5261/api/v1/admin/typography:0
[   47156ms] [ERROR] Failed to load resource: net::ERR_INSUFFICIENT_RESOURCES @ http://localhost:5261/api/v1/admin/typography:0
[   47157ms] [ERROR] Failed to load resource: net::ERR_INSUFFICIENT_RESOURCES @ http://localhost:5261/api/v1/admin/typography:0
[   47158ms] [ERROR] Failed to load resource: net::ERR_INSUFFICIENT_RESOURCES @ http://localhost:5261/api/v1/admin/typography:0
[   47160ms] [ERROR] Failed to load resource: net::ERR_INSUFFICIENT_RESOURCES @ http://localhost:5261/api/v1/admin/typography:0
[   47160ms] [ERROR] Failed to load resource: net::ERR_INSUFFICIENT_RESOURCES @ http://localhost:5261/api/v1/admin/typography:0
[   47163ms] [ERROR] Failed to load resource: net::ERR_INSUFFICIENT_RESOURCES @ http://localhost:5261/api/v1/admin/typography:0
[   47164ms] [ERROR] Failed to load resource: net::ERR_INSUFFICIENT_RESOURCES @ http://localhost:5261/api/v1/admin/typography:0
[   47164ms] [ERROR] Failed to load resource: net::ERR_INSUFFICIENT_RESOURCES @ http://localhost:5261/api/v1/admin/typography:0
[   47167ms] [ERROR] Failed to load resource: net::ERR_INSUFFICIENT_RESOURCES @ http://localhost:5261/api/v1/admin/typography:0
[   47169ms] [ERROR] Failed to load resource: net::ERR_INSUFFICIENT_RESOURCES @ http://localhost:5261/api/v1/admin/typography:0
[   47169ms] [ERROR] Failed to load resource: net::ERR_INSUFFICIENT_RESOURCES @ http://localhost:5261/api/v1/admin/typography:0
[   47171ms] [ERROR] Failed to load resource: net::ERR_INSUFFICIENT_RESOURCES @ http://localhost:5261/api/v1/admin/typography:0
[   47171ms] [ERROR] Failed to load resource: net::ERR_INSUFFICIENT_RESOURCES @ http://localhost:5261/api/v1/admin/typography:0
[   47174ms] [ERROR] Failed to load resource: net::ERR_INSUFFICIENT_RESOURCES @ http://localhost:5261/api/v1/admin/typography:0
[   47174ms] [ERROR] Failed to load resource: net::ERR_INSUFFICIENT_RESOURCES @ http://localhost:5261/api/v1/admin/typography:0
[   47177ms] [ERROR] Failed to load resource: net::ERR_INSUFFICIENT_RESOURCES @ http://localhost:5261/api/v1/admin/typography:0
[   47177ms] [ERROR] Failed to load resource: net::ERR_INSUFFICIENT_RESOURCES @ http://localhost:5261/api/v1/admin/typography:0
[   47177ms] [ERROR] Failed to load resource: net::ERR_INSUFFICIENT_RESOURCES @ http://localhost:5261/api/v1/admin/typography:0
[   47177ms] [ERROR] Failed to load resource: net::ERR_INSUFFICIENT_RESOURCES @ http://localhost:5261/api/v1/admin/typography:0
[   47179ms] [ERROR] Failed to load resource: net::ERR_INSUFFICIENT_RESOURCES @ http://localhost:5261/api/v1/admin/typography:0
[   47179ms] [ERROR] Failed to load resource: net::ERR_INSUFFICIENT_RESOURCES @ http://localhost:5261/api/v1/admin/typography:0
[   47183ms] [ERROR] Failed to load resource: net::ERR_INSUFFICIENT_RESOURCES @ http://localhost:5261/api/v1/admin/typography:0
[   47183ms] [ERROR] Failed to load resource: net::ERR_INSUFFICIENT_RESOURCES @ http://localhost:5261/api/v1/admin/typography:0
[   47183ms] [ERROR] Failed to load resource: net::ERR_INSUFFICIENT_RESOURCES @ http://localhost:5261/api/v1/admin/typography:0
[   47183ms] [ERROR] Failed to load resource: net::ERR_INSUFFICIENT_RESOURCES @ http://localhost:5261/api/v1/admin/typography:0
[   47183ms] [ERROR] Failed to load resource: net::ERR_INSUFFICIENT_RESOURCES @ http://localhost:5261/api/v1/admin/typography:0
[   47185ms] [ERROR] Failed to load resource: net::ERR_INSUFFICIENT_RESOURCES @ http://localhost:5261/api/v1/admin/typography:0
[   47185ms] [ERROR] Failed to load resource: net::ERR_INSUFFICIENT_RESOURCES @ http://localhost:5261/api/v1/admin/typography:0
[   47185ms] [ERROR] Failed to load resource: net::ERR_INSUFFICIENT_RESOURCES @ http://localhost:5261/api/v1/admin/typography:0
[   47187ms] [ERROR] Failed to load resource: net::ERR_INSUFFICIENT_RESOURCES @ http://localhost:5261/api/v1/admin/typography:0
[   47187ms] [ERROR] Failed to load resource: net::ERR_INSUFFICIENT_RESOURCES @ http://localhost:5261/api/v1/admin/typography:0
[   47190ms] [ERROR] Failed to load resource: net::ERR_INSUFFICIENT_RESOURCES @ http://localhost:5261/api/v1/admin/typography:0
[   47190ms] [ERROR] Failed to load resource: net::ERR_INSUFFICIENT_RESOURCES @ http://localhost:5261/api/v1/admin/typography:0
[   47190ms] [ERROR] Failed to load resource: net::ERR_INSUFFICIENT_RESOURCES @ http://localhost:5261/api/v1/admin/typography:0
[   47190ms] [ERROR] Failed to load resource: net::ERR_INSUFFICIENT_RESOURCES @ http://localhost:5261/api/v1/admin/typography:0
[   47190ms] [ERROR] Failed to load resource: net::ERR_INSUFFICIENT_RESOURCES @ http://localhost:5261/api/v1/admin/typography:0
[   47193ms] [ERROR] Failed to load resource: net::ERR_INSUFFICIENT_RESOURCES @ http://localhost:5261/api/v1/admin/typography:0
[   47193ms] [ERROR] Failed to load resource: net::ERR_INSUFFICIENT_RESOURCES @ http://localhost:5261/api/v1/admin/typography:0
[   47197ms] [ERROR] Failed to load resource: net::ERR_INSUFFICIENT_RESOURCES @ http://localhost:5261/api/v1/admin/typography:0
[   47197ms] [ERROR] Failed to load resource: net::ERR_INSUFFICIENT_RESOURCES @ http://localhost:5261/api/v1/admin/typography:0
[   47197ms] [ERROR] Failed to load resource: net::ERR_INSUFFICIENT_RESOURCES @ http://localhost:5261/api/v1/admin/typography:0
[   47200ms] [ERROR] Failed to load resource: net::ERR_INSUFFICIENT_RESOURCES @ http://localhost:5261/api/v1/admin/typography:0
[   47200ms] [ERROR] Failed to load resource: net::ERR_INSUFFICIENT_RESOURCES @ http://localhost:5261/api/v1/admin/typography:0
[   47200ms] [ERROR] Failed to load resource: net::ERR_INSUFFICIENT_RESOURCES @ http://localhost:5261/api/v1/admin/typography:0
[   47200ms] [ERROR] Failed to load resource: net::ERR_INSUFFICIENT_RESOURCES @ http://localhost:5261/api/v1/admin/typography:0
[   47202ms] [ERROR] Failed to load resource: net::ERR_INSUFFICIENT_RESOURCES @ http://localhost:5261/api/v1/admin/typography:0
[   47202ms] [ERROR] Failed to load resource: net::ERR_INSUFFICIENT_RESOURCES @ http://localhost:5261/api/v1/admin/typography:0
[   47202ms] [ERROR] Failed to load resource: net::ERR_INSUFFICIENT_RESOURCES @ http://localhost:5261/api/v1/admin/typography:0
[   47205ms] [ERROR] Failed to load resource: net::ERR_INSUFFICIENT_RESOURCES @ http://localhost:5261/api/v1/admin/typography:0
[   47205ms] [ERROR] Failed to load resource: net::ERR_INSUFFICIENT_RESOURCES @ http://localhost:5261/api/v1/admin/typography:0
[   47205ms] [ERROR] Failed to load resource: net::ERR_INSUFFICIENT_RESOURCES @ http://localhost:5261/api/v1/admin/typography:0
[   47205ms] [ERROR] Failed to load resource: net::ERR_INSUFFICIENT_RESOURCES @ http://localhost:5261/api/v1/admin/typography:0
[   47208ms] [ERROR] Failed to load resource: net::ERR_INSUFFICIENT_RESOURCES @ http://localhost:5261/api/v1/admin/typography:0
[   47208ms] [ERROR] Failed to load resource: net::ERR_INSUFFICIENT_RESOURCES @ http://localhost:5261/api/v1/admin/typography:0
[   47208ms] [ERROR] Failed to load resource: net::ERR_INSUFFICIENT_RESOURCES @ http://localhost:5261/api/v1/admin/typography:0
[   47208ms] [ERROR] Failed to load resource: net::ERR_INSUFFICIENT_RESOURCES @ http://localhost:5261/api/v1/admin/typography:0
[   47211ms] [ERROR] Failed to load resource: net::ERR_INSUFFICIENT_RESOURCES @ http://localhost:5261/api/v1/admin/typography:0
[   47211ms] [ERROR] Failed to load resource: net::ERR_INSUFFICIENT_RESOURCES @ http://localhost:5261/api/v1/admin/typography:0
[   47211ms] [ERROR] Failed to load resource: net::ERR_INSUFFICIENT_RESOURCES @ http://localhost:5261/api/v1/admin/typography:0
[   47211ms] [ERROR] Failed to load resource: net::ERR_INSUFFICIENT_RESOURCES @ http://localhost:5261/api/v1/admin/typography:0
[   47214ms] [ERROR] Failed to load resource: net::ERR_INSUFFICIENT_RESOURCES @ http://localhost:5261/api/v1/admin/typography:0
[   47214ms] [ERROR] Failed to load resource: net::ERR_INSUFFICIENT_RESOURCES @ http://localhost:5261/api/v1/admin/typography:0
[   47216ms] [ERROR] Failed to load resource: net::ERR_INSUFFICIENT_RESOURCES @ http://localhost:5261/api/v1/admin/typography:0
[   47216ms] [ERROR] Failed to load resource: net::ERR_INSUFFICIENT_RESOURCES @ http://localhost:5261/api/v1/admin/typography:0
[   47216ms] [ERROR] Failed to load resource: net::ERR_INSUFFICIENT_RESOURCES @ http://localhost:5261/api/v1/admin/typography:0
[   47216ms] [ERROR] Failed to load resource: net::ERR_INSUFFICIENT_RESOURCES @ http://localhost:5261/api/v1/admin/typography:0
[   47218ms] [ERROR] Failed to load resource: net::ERR_INSUFFICIENT_RESOURCES @ http://localhost:5261/api/v1/admin/typography:0
[   47218ms] [ERROR] Failed to load resource: net::ERR_INSUFFICIENT_RESOURCES @ http://localhost:5261/api/v1/admin/typography:0
[   47220ms] [ERROR] Failed to load resource: net::ERR_INSUFFICIENT_RESOURCES @ http://localhost:5261/api/v1/admin/typography:0
[   47220ms] [ERROR] Failed to load resource: net::ERR_INSUFFICIENT_RESOURCES @ http://localhost:5261/api/v1/admin/typography:0
[   47220ms] [ERROR] Failed to load resource: net::ERR_INSUFFICIENT_RESOURCES @ http://localhost:5261/api/v1/admin/typography:0
[   47223ms] [ERROR] Failed to load resource: net::ERR_INSUFFICIENT_RESOURCES @ http://localhost:5261/api/v1/admin/typography:0
[   47223ms] [ERROR] Failed to load resource: net::ERR_INSUFFICIENT_RESOURCES @ http://localhost:5261/api/v1/admin/typography:0
[   47223ms] [ERROR] Failed to load resource: net::ERR_INSUFFICIENT_RESOURCES @ http://localhost:5261/api/v1/admin/typography:0
[   47223ms] [ERROR] Failed to load resource: net::ERR_INSUFFICIENT_RESOURCES @ http://localhost:5261/api/v1/admin/typography:0
[   47223ms] [ERROR] Failed to load resource: net::ERR_INSUFFICIENT_RESOURCES @ http://localhost:5261/api/v1/admin/typography:0
[   47225ms] [ERROR] Failed to load resource: net::ERR_INSUFFICIENT_RESOURCES @ http://localhost:5261/api/v1/admin/typography:0
[   47225ms] [ERROR] Failed to load resource: net::ERR_INSUFFICIENT_RESOURCES @ http://localhost:5261/api/v1/admin/typography:0
[   47226ms] [ERROR] Failed to load resource: net::ERR_INSUFFICIENT_RESOURCES @ http://localhost:5261/api/v1/admin/typography:0
[   47230ms] [ERROR] Failed to load resource: net::ERR_INSUFFICIENT_RESOURCES @ http://localhost:5261/api/v1/admin/typography:0
[   47230ms] [ERROR] Failed to load resource: net::ERR_INSUFFICIENT_RESOURCES @ http://localhost:5261/api/v1/admin/typography:0
[   47230ms] [ERROR] Failed to load resource: net::ERR_INSUFFICIENT_RESOURCES @ http://localhost:5261/api/v1/admin/typography:0
[   47230ms] [ERROR] Failed to load resource: net::ERR_INSUFFICIENT_RESOURCES @ http://localhost:5261/api/v1/admin/typography:0
[   47234ms] [ERROR] Failed to load resource: net::ERR_INSUFFICIENT_RESOURCES @ http://localhost:5261/api/v1/admin/typography:0
[   47234ms] [ERROR] Failed to load resource: net::ERR_INSUFFICIENT_RESOURCES @ http://localhost:5261/api/v1/admin/typography:0
[   47234ms] [ERROR] Failed to load resource: net::ERR_INSUFFICIENT_RESOURCES @ http://localhost:5261/api/v1/admin/typography:0
[   47235ms] [ERROR] Failed to load resource: net::ERR_INSUFFICIENT_RESOURCES @ http://localhost:5261/api/v1/admin/typography:0
[   47238ms] [ERROR] Failed to load resource: net::ERR_INSUFFICIENT_RESOURCES @ http://localhost:5261/api/v1/admin/typography:0
[   47238ms] [ERROR] Failed to load resource: net::ERR_INSUFFICIENT_RESOURCES @ http://localhost:5261/api/v1/admin/typography:0
[   47238ms] [ERROR] Failed to load resource: net::ERR_INSUFFICIENT_RESOURCES @ http://localhost:5261/api/v1/admin/typography:0
[   47241ms] [ERROR] Failed to load resource: net::ERR_INSUFFICIENT_RESOURCES @ http://localhost:5261/api/v1/admin/typography:0
[   47241ms] [ERROR] Failed to load resource: net::ERR_INSUFFICIENT_RESOURCES @ http://localhost:5261/api/v1/admin/typography:0
[   47241ms] [ERROR] Failed to load resource: net::ERR_INSUFFICIENT_RESOURCES @ http://localhost:5261/api/v1/admin/typography:0
[   47241ms] [ERROR] Failed to load resource: net::ERR_INSUFFICIENT_RESOURCES @ http://localhost:5261/api/v1/admin/typography:0
[   47241ms] [ERROR] Failed to load resource: net::ERR_INSUFFICIENT_RESOURCES @ http://localhost:5261/api/v1/admin/typography:0
[   47243ms] [ERROR] Failed to load resource: net::ERR_INSUFFICIENT_RESOURCES @ http://localhost:5261/api/v1/admin/typography:0
[   47243ms] [ERROR] Failed to load resource: net::ERR_INSUFFICIENT_RESOURCES @ http://localhost:5261/api/v1/admin/typography:0
[   47243ms] [ERROR] Failed to load resource: net::ERR_INSUFFICIENT_RESOURCES @ http://localhost:5261/api/v1/admin/typography:0
[   47246ms] [ERROR] Failed to load resource: net::ERR_INSUFFICIENT_RESOURCES @ http://localhost:5261/api/v1/admin/typography:0
[   47246ms] [ERROR] Failed to load resource: net::ERR_INSUFFICIENT_RESOURCES @ http://localhost:5261/api/v1/admin/typography:0
[   47246ms] [ERROR] Failed to load resource: net::ERR_INSUFFICIENT_RESOURCES @ http://localhost:5261/api/v1/admin/typography:0
[   47250ms] [ERROR] Failed to load resource: net::ERR_INSUFFICIENT_RESOURCES @ http://localhost:5261/api/v1/admin/typography:0
[   47250ms] [ERROR] Failed to load resource: net::ERR_INSUFFICIENT_RESOURCES @ http://localhost:5261/api/v1/admin/typography:0
[   47250ms] [ERROR] Failed to load resource: net::ERR_INSUFFICIENT_RESOURCES @ http://localhost:5261/api/v1/admin/typography:0
[   47251ms] [ERROR] Failed to load resource: net::ERR_INSUFFICIENT_RESOURCES @ http://localhost:5261/api/v1/admin/typography:0
[   47255ms] [ERROR] Failed to load resource: net::ERR_INSUFFICIENT_RESOURCES @ http://localhost:5261/api/v1/admin/typography:0
[   47256ms] [ERROR] Failed to load resource: net::ERR_INSUFFICIENT_RESOURCES @ http://localhost:5261/api/v1/admin/typography:0
[   47258ms] [ERROR] Failed to load resource: net::ERR_INSUFFICIENT_RESOURCES @ http://localhost:5261/api/v1/admin/typography:0
[   47258ms] [ERROR] Failed to load resource: net::ERR_INSUFFICIENT_RESOURCES @ http://localhost:5261/api/v1/admin/typography:0
[   47258ms] [ERROR] Failed to load resource: net::ERR_INSUFFICIENT_RESOURCES @ http://localhost:5261/api/v1/admin/typography:0
[   47259ms] [ERROR] Failed to load resource: net::ERR_INSUFFICIENT_RESOURCES @ http://localhost:5261/api/v1/admin/typography:0
[   47259ms] [ERROR] Failed to load resource: net::ERR_INSUFFICIENT_RESOURCES @ http://localhost:5261/api/v1/admin/typography:0
[   47264ms] [ERROR] Failed to load resource: net::ERR_INSUFFICIENT_RESOURCES @ http://localhost:5261/api/v1/admin/typography:0
[   47267ms] [ERROR] Failed to load resource: net::ERR_INSUFFICIENT_RESOURCES @ http://localhost:5261/api/v1/admin/typography:0
[   47271ms] [ERROR] Failed to load resource: net::ERR_INSUFFICIENT_RESOURCES @ http://localhost:5261/api/v1/admin/typography:0
[   47272ms] [ERROR] Failed to load resource: net::ERR_INSUFFICIENT_RESOURCES @ http://localhost:5261/api/v1/admin/typography:0
[   47274ms] [ERROR] Failed to load resource: net::ERR_INSUFFICIENT_RESOURCES @ http://localhost:5261/api/v1/admin/typography:0
[   47277ms] [ERROR] Maximum update depth exceeded. This can happen when a component calls setState inside useEffect, but useEffect either doesn't have a dependency array, or one of the dependencies changes on every render. @ http://localhost:3000/_next/static/chunks/node_modules_next_dist_1e8vcs8._.js:1052
[   47277ms] [ERROR] Failed to load resource: net::ERR_INSUFFICIENT_RESOURCES @ http://localhost:5261/api/v1/admin/typography:0
[   47277ms] [ERROR] Failed to load resource: net::ERR_INSUFFICIENT_RESOURCES @ http://localhost:5261/api/v1/admin/typography:0
[   47277ms] [ERROR] Failed to load resource: net::ERR_INSUFFICIENT_RESOURCES @ http://localhost:5261/api/v1/admin/typography:0
[   47283ms] [ERROR] Failed to load resource: net::ERR_INSUFFICIENT_RESOURCES @ http://localhost:5261/api/v1/admin/typography:0
[   47283ms] [ERROR] Failed to load resource: net::ERR_INSUFFICIENT_RESOURCES @ http://localhost:5261/api/v1/admin/typography:0
[   47283ms] [ERROR] Failed to load resource: net::ERR_INSUFFICIENT_RESOURCES @ http://localhost:5261/api/v1/admin/typography:0
[   47284ms] [ERROR] Failed to load resource: net::ERR_INSUFFICIENT_RESOURCES @ http://localhost:5261/api/v1/admin/typography:0
[   47284ms] [ERROR] Failed to load resource: net::ERR_INSUFFICIENT_RESOURCES @ http://localhost:5261/api/v1/admin/typography:0
[   47284ms] [ERROR] Failed to load resource: net::ERR_INSUFFICIENT_RESOURCES @ http://localhost:5261/api/v1/admin/typography:0
[   47285ms] [ERROR] Failed to load resource: net::ERR_INSUFFICIENT_RESOURCES @ http://localhost:5261/api/v1/admin/typography:0
[   47298ms] [ERROR] Failed to load resource: net::ERR_INSUFFICIENT_RESOURCES @ http://localhost:5261/api/v1/admin/typography:0
[   47300ms] [ERROR] Failed to load resource: net::ERR_INSUFFICIENT_RESOURCES @ http://localhost:5261/api/v1/admin/typography:0
[   47300ms] [ERROR] Failed to load resource: net::ERR_INSUFFICIENT_RESOURCES @ http://localhost:5261/api/v1/admin/typography:0
[   47304ms] [ERROR] Failed to load resource: net::ERR_INSUFFICIENT_RESOURCES @ http://localhost:5261/api/v1/admin/typography:0
[   47304ms] [ERROR] Failed to load resource: net::ERR_INSUFFICIENT_RESOURCES @ http://localhost:5261/api/v1/admin/typography:0
[   47304ms] [ERROR] Failed to load resource: net::ERR_INSUFFICIENT_RESOURCES @ http://localhost:5261/api/v1/admin/typography:0
[   47304ms] [ERROR] Failed to load resource: net::ERR_INSUFFICIENT_RESOURCES @ http://localhost:5261/api/v1/admin/typography:0
[   47306ms] [ERROR] Failed to load resource: net::ERR_INSUFFICIENT_RESOURCES @ http://localhost:5261/api/v1/admin/typography:0
[   47306ms] [ERROR] Failed to load resource: net::ERR_INSUFFICIENT_RESOURCES @ http://localhost:5261/api/v1/admin/typography:0
[   47308ms] [ERROR] Failed to load resource: net::ERR_INSUFFICIENT_RESOURCES @ http://localhost:5261/api/v1/admin/typography:0
[   47308ms] [ERROR] Failed to load resource: net::ERR_INSUFFICIENT_RESOURCES @ http://localhost:5261/api/v1/admin/typography:0
[   47309ms] [ERROR] Failed to load resource: net::ERR_INSUFFICIENT_RESOURCES @ http://localhost:5261/api/v1/admin/typography:0
[   47312ms] [ERROR] Failed to load resource: net::ERR_INSUFFICIENT_RESOURCES @ http://localhost:5261/api/v1/admin/typography:0
[   47312ms] [ERROR] Failed to load resource: net::ERR_INSUFFICIENT_RESOURCES @ http://localhost:5261/api/v1/admin/typography:0
[   47312ms] [ERROR] Failed to load resource: net::ERR_INSUFFICIENT_RESOURCES @ http://localhost:5261/api/v1/admin/typography:0
[   47315ms] [ERROR] Failed to load resource: net::ERR_INSUFFICIENT_RESOURCES @ http://localhost:5261/api/v1/admin/typography:0
[   47315ms] [ERROR] Failed to load resource: net::ERR_INSUFFICIENT_RESOURCES @ http://localhost:5261/api/v1/admin/typography:0
[   47316ms] [ERROR] Failed to load resource: net::ERR_INSUFFICIENT_RESOURCES @ http://localhost:5261/api/v1/admin/typography:0
[   47318ms] [ERROR] Failed to load resource: net::ERR_INSUFFICIENT_RESOURCES @ http://localhost:5261/api/v1/admin/typography:0
[   47318ms] [ERROR] Failed to load resource: net::ERR_INSUFFICIENT_RESOURCES @ http://localhost:5261/api/v1/admin/typography:0
[   47318ms] [ERROR] Failed to load resource: net::ERR_INSUFFICIENT_RESOURCES @ http://localhost:5261/api/v1/admin/typography:0
[   47320ms] [ERROR] Failed to load resource: net::ERR_INSUFFICIENT_RESOURCES @ http://localhost:5261/api/v1/admin/typography:0
[   47322ms] [ERROR] Failed to load resource: net::ERR_INSUFFICIENT_RESOURCES @ http://localhost:5261/api/v1/admin/typography:0
[   47323ms] [ERROR] Failed to load resource: net::ERR_INSUFFICIENT_RESOURCES @ http://localhost:5261/api/v1/admin/typography:0
[   47323ms] [ERROR] Failed to load resource: net::ERR_INSUFFICIENT_RESOURCES @ http://localhost:5261/api/v1/admin/typography:0
[   47327ms] [ERROR] Failed to load resource: net::ERR_INSUFFICIENT_RESOURCES @ http://localhost:5261/api/v1/admin/typography:0
[   47327ms] [ERROR] Failed to load resource: net::ERR_INSUFFICIENT_RESOURCES @ http://localhost:5261/api/v1/admin/typography:0
[   47343ms] [ERROR] Failed to load resource: net::ERR_INSUFFICIENT_RESOURCES @ http://localhost:5261/api/v1/admin/typography:0
[   47343ms] [ERROR] Failed to load resource: net::ERR_INSUFFICIENT_RESOURCES @ http://localhost:5261/api/v1/admin/typography:0
[   47343ms] [ERROR] Failed to load resource: net::ERR_INSUFFICIENT_RESOURCES @ http://localhost:5261/api/v1/admin/typography:0
[   47343ms] [ERROR] Failed to load resource: net::ERR_INSUFFICIENT_RESOURCES @ http://localhost:5261/api/v1/admin/typography:0
[   47344ms] [ERROR] Failed to load resource: net::ERR_INSUFFICIENT_RESOURCES @ http://localhost:5261/api/v1/admin/typography:0
[   47344ms] [ERROR] Failed to load resource: net::ERR_INSUFFICIENT_RESOURCES @ http://localhost:5261/api/v1/admin/typography:0
[   47344ms] [ERROR] Failed to load resource: net::ERR_INSUFFICIENT_RESOURCES @ http://localhost:5261/api/v1/admin/typography:0
[   47344ms] [ERROR] Failed to load resource: net::ERR_INSUFFICIENT_RESOURCES @ http://localhost:5261/api/v1/admin/typography:0
[   47364ms] [ERROR] Failed to load resource: net::ERR_INSUFFICIENT_RESOURCES @ http://localhost:5261/api/v1/admin/typography:0
[   47365ms] [ERROR] Failed to load resource: net::ERR_INSUFFICIENT_RESOURCES @ http://localhost:5261/api/v1/admin/typography:0
[   47372ms] [ERROR] Failed to load resource: net::ERR_INSUFFICIENT_RESOURCES @ http://localhost:5261/api/v1/admin/typography:0
[   47372ms] [ERROR] Failed to load resource: net::ERR_INSUFFICIENT_RESOURCES @ http://localhost:5261/api/v1/admin/typography:0
[   47372ms] [ERROR] Failed to load resource: net::ERR_INSUFFICIENT_RESOURCES @ http://localhost:5261/api/v1/admin/typography:0
[   47376ms] [ERROR] Failed to load resource: net::ERR_INSUFFICIENT_RESOURCES @ http://localhost:5261/api/v1/admin/typography:0
[   47376ms] [ERROR] Failed to load resource: net::ERR_INSUFFICIENT_RESOURCES @ http://localhost:5261/api/v1/admin/typography:0
[   47376ms] [ERROR] Failed to load resource: net::ERR_INSUFFICIENT_RESOURCES @ http://localhost:5261/api/v1/admin/typography:0
[   47378ms] [ERROR] Failed to load resource: net::ERR_INSUFFICIENT_RESOURCES @ http://localhost:5261/api/v1/admin/typography:0
[   47378ms] [ERROR] Failed to load resource: net::ERR_INSUFFICIENT_RESOURCES @ http://localhost:5261/api/v1/admin/typography:0
[   47380ms] [ERROR] Failed to load resource: net::ERR_INSUFFICIENT_RESOURCES @ http://localhost:5261/api/v1/admin/typography:0
[   47380ms] [ERROR] Failed to load resource: net::ERR_INSUFFICIENT_RESOURCES @ http://localhost:5261/api/v1/admin/typography:0
[   47380ms] [ERROR] Failed to load resource: net::ERR_INSUFFICIENT_RESOURCES @ http://localhost:5261/api/v1/admin/typography:0
[   47382ms] [ERROR] Failed to load resource: net::ERR_INSUFFICIENT_RESOURCES @ http://localhost:5261/api/v1/admin/typography:0
[   47384ms] [ERROR] Failed to load resource: net::ERR_INSUFFICIENT_RESOURCES @ http://localhost:5261/api/v1/admin/typography:0
[   47384ms] [ERROR] Failed to load resource: net::ERR_INSUFFICIENT_RESOURCES @ http://localhost:5261/api/v1/admin/typography:0
[   47384ms] [ERROR] Failed to load resource: net::ERR_INSUFFICIENT_RESOURCES @ http://localhost:5261/api/v1/admin/typography:0
[   47385ms] [ERROR] Failed to load resource: net::ERR_INSUFFICIENT_RESOURCES @ http://localhost:5261/api/v1/admin/typography:0
[   47386ms] [ERROR] Failed to load resource: net::ERR_INSUFFICIENT_RESOURCES @ http://localhost:5261/api/v1/admin/typography:0
[   47388ms] [ERROR] Failed to load resource: net::ERR_INSUFFICIENT_RESOURCES @ http://localhost:5261/api/v1/admin/typography:0
[   47388ms] [ERROR] Failed to load resource: net::ERR_INSUFFICIENT_RESOURCES @ http://localhost:5261/api/v1/admin/typography:0
[   47390ms] [ERROR] Failed to load resource: net::ERR_INSUFFICIENT_RESOURCES @ http://localhost:5261/api/v1/admin/typography:0
[   47394ms] [ERROR] Failed to load resource: net::ERR_INSUFFICIENT_RESOURCES @ http://localhost:5261/api/v1/admin/typography:0
[   47394ms] [ERROR] Failed to load resource: net::ERR_INSUFFICIENT_RESOURCES @ http://localhost:5261/api/v1/admin/typography:0
[   47396ms] [ERROR] Failed to load resource: net::ERR_INSUFFICIENT_RESOURCES @ http://localhost:5261/api/v1/admin/typography:0
[   47398ms] [ERROR] Failed to load resource: net::ERR_INSUFFICIENT_RESOURCES @ http://localhost:5261/api/v1/admin/typography:0
[   47406ms] [ERROR] Failed to load resource: net::ERR_INSUFFICIENT_RESOURCES @ http://localhost:5261/api/v1/admin/typography:0
[   47406ms] [ERROR] Failed to load resource: net::ERR_INSUFFICIENT_RESOURCES @ http://localhost:5261/api/v1/admin/typography:0
[   47406ms] [ERROR] Failed to load resource: net::ERR_INSUFFICIENT_RESOURCES @ http://localhost:5261/api/v1/admin/typography:0
[   47406ms] [ERROR] Failed to load resource: net::ERR_INSUFFICIENT_RESOURCES @ http://localhost:5261/api/v1/admin/typography:0
[   47407ms] [ERROR] Failed to load resource: net::ERR_INSUFFICIENT_RESOURCES @ http://localhost:5261/api/v1/admin/typography:0
[   47408ms] [ERROR] Failed to load resource: net::ERR_INSUFFICIENT_RESOURCES @ http://localhost:5261/api/v1/admin/typography:0
[   47410ms] [ERROR] Failed to load resource: net::ERR_INSUFFICIENT_RESOURCES @ http://localhost:5261/api/v1/admin/typography:0
[   47410ms] [ERROR] Failed to load resource: net::ERR_INSUFFICIENT_RESOURCES @ http://localhost:5261/api/v1/admin/typography:0
[   47410ms] [ERROR] Failed to load resource: net::ERR_INSUFFICIENT_RESOURCES @ http://localhost:5261/api/v1/admin/typography:0
[   47410ms] [ERROR] Failed to load resource: net::ERR_INSUFFICIENT_RESOURCES @ http://localhost:5261/api/v1/admin/typography:0
[   47413ms] [ERROR] Failed to load resource: net::ERR_INSUFFICIENT_RESOURCES @ http://localhost:5261/api/v1/admin/typography:0
[   47413ms] [ERROR] Failed to load resource: net::ERR_INSUFFICIENT_RESOURCES @ http://localhost:5261/api/v1/admin/typography:0
[   47413ms] [ERROR] Failed to load resource: net::ERR_INSUFFICIENT_RESOURCES @ http://localhost:5261/api/v1/admin/typography:0
[   47415ms] [ERROR] Failed to load resource: net::ERR_INSUFFICIENT_RESOURCES @ http://localhost:5261/api/v1/admin/typography:0
[   47415ms] [ERROR] Failed to load resource: net::ERR_INSUFFICIENT_RESOURCES @ http://localhost:5261/api/v1/admin/typography:0
[   47415ms] [ERROR] Failed to load resource: net::ERR_INSUFFICIENT_RESOURCES @ http://localhost:5261/api/v1/admin/typography:0
[   47415ms] [ERROR] Failed to load resource: net::ERR_INSUFFICIENT_RESOURCES @ http://localhost:5261/api/v1/admin/typography:0
[   47417ms] [ERROR] Failed to load resource: net::ERR_INSUFFICIENT_RESOURCES @ http://localhost:5261/api/v1/admin/typography:0
[   47417ms] [ERROR] Failed to load resource: net::ERR_INSUFFICIENT_RESOURCES @ http://localhost:5261/api/v1/admin/typography:0
[   47417ms] [ERROR] Failed to load resource: net::ERR_INSUFFICIENT_RESOURCES @ http://localhost:5261/api/v1/admin/typography:0
[   47420ms] [ERROR] Failed to load resource: net::ERR_INSUFFICIENT_RESOURCES @ http://localhost:5261/api/v1/admin/typography:0
[   47420ms] [ERROR] Failed to load resource: net::ERR_INSUFFICIENT_RESOURCES @ http://localhost:5261/api/v1/admin/typography:0
[   47420ms] [ERROR] Failed to load resource: net::ERR_INSUFFICIENT_RESOURCES @ http://localhost:5261/api/v1/admin/typography:0
[   47423ms] [ERROR] Failed to load resource: net::ERR_INSUFFICIENT_RESOURCES @ http://localhost:5261/api/v1/admin/typography:0
[   47423ms] [ERROR] Failed to load resource: net::ERR_INSUFFICIENT_RESOURCES @ http://localhost:5261/api/v1/admin/typography:0
[   47423ms] [ERROR] Failed to load resource: net::ERR_INSUFFICIENT_RESOURCES @ http://localhost:5261/api/v1/admin/typography:0
[   47425ms] [ERROR] Failed to load resource: net::ERR_INSUFFICIENT_RESOURCES @ http://localhost:5261/api/v1/admin/typography:0
[   47425ms] [ERROR] Failed to load resource: net::ERR_INSUFFICIENT_RESOURCES @ http://localhost:5261/api/v1/admin/typography:0
[   47431ms] [ERROR] Failed to load resource: net::ERR_INSUFFICIENT_RESOURCES @ http://localhost:5261/api/v1/admin/typography:0
[   47431ms] [ERROR] Failed to load resource: net::ERR_INSUFFICIENT_RESOURCES @ http://localhost:5261/api/v1/admin/typography:0
[   47431ms] [ERROR] Failed to load resource: net::ERR_INSUFFICIENT_RESOURCES @ http://localhost:5261/api/v1/admin/typography:0
[   47431ms] [ERROR] Failed to load resource: net::ERR_INSUFFICIENT_RESOURCES @ http://localhost:5261/api/v1/admin/typography:0
[   47431ms] [ERROR] Failed to load resource: net::ERR_INSUFFICIENT_RESOURCES @ http://localhost:5261/api/v1/admin/typography:0
[   47434ms] [ERROR] Failed to load resource: net::ERR_INSUFFICIENT_RESOURCES @ http://localhost:5261/api/v1/admin/typography:0
[   47434ms] [ERROR] Failed to load resource: net::ERR_INSUFFICIENT_RESOURCES @ http://localhost:5261/api/v1/admin/typography:0
[   47434ms] [ERROR] Failed to load resource: net::ERR_INSUFFICIENT_RESOURCES @ http://localhost:5261/api/v1/admin/typography:0
[   47434ms] [ERROR] Failed to load resource: net::ERR_INSUFFICIENT_RESOURCES @ http://localhost:5261/api/v1/admin/typography:0
[   47437ms] [ERROR] Failed to load resource: net::ERR_INSUFFICIENT_RESOURCES @ http://localhost:5261/api/v1/admin/typography:0
[   47438ms] [ERROR] Failed to load resource: net::ERR_INSUFFICIENT_RESOURCES @ http://localhost:5261/api/v1/admin/typography:0
[   47438ms] [ERROR] Failed to load resource: net::ERR_INSUFFICIENT_RESOURCES @ http://localhost:5261/api/v1/admin/typography:0
[   47438ms] [ERROR] Failed to load resource: net::ERR_INSUFFICIENT_RESOURCES @ http://localhost:5261/api/v1/admin/typography:0
[   47441ms] [ERROR] Failed to load resource: net::ERR_INSUFFICIENT_RESOURCES @ http://localhost:5261/api/v1/admin/typography:0
[   47441ms] [ERROR] Failed to load resource: net::ERR_INSUFFICIENT_RESOURCES @ http://localhost:5261/api/v1/admin/typography:0
[   47441ms] [ERROR] Failed to load resource: net::ERR_INSUFFICIENT_RESOURCES @ http://localhost:5261/api/v1/admin/typography:0
[   47441ms] [ERROR] Failed to load resource: net::ERR_INSUFFICIENT_RESOURCES @ http://localhost:5261/api/v1/admin/typography:0
[   47444ms] [ERROR] Failed to load resource: net::ERR_INSUFFICIENT_RESOURCES @ http://localhost:5261/api/v1/admin/typography:0
[   47444ms] [ERROR] Failed to load resource: net::ERR_INSUFFICIENT_RESOURCES @ http://localhost:5261/api/v1/admin/typography:0
[   47444ms] [ERROR] Failed to load resource: net::ERR_INSUFFICIENT_RESOURCES @ http://localhost:5261/api/v1/admin/typography:0
[   47444ms] [ERROR] Failed to load resource: net::ERR_INSUFFICIENT_RESOURCES @ http://localhost:5261/api/v1/admin/typography:0
[   47448ms] [ERROR] Failed to load resource: net::ERR_INSUFFICIENT_RESOURCES @ http://localhost:5261/api/v1/admin/typography:0
[   47450ms] [ERROR] Failed to load resource: net::ERR_INSUFFICIENT_RESOURCES @ http://localhost:5261/api/v1/admin/typography:0
[   47450ms] [ERROR] Failed to load resource: net::ERR_INSUFFICIENT_RESOURCES @ http://localhost:5261/api/v1/admin/typography:0
[   47450ms] [ERROR] Failed to load resource: net::ERR_INSUFFICIENT_RESOURCES @ http://localhost:5261/api/v1/admin/typography:0
[   47451ms] [ERROR] Failed to load resource: net::ERR_INSUFFICIENT_RESOURCES @ http://localhost:5261/api/v1/admin/typography:0
[   47451ms] [ERROR] Failed to load resource: net::ERR_INSUFFICIENT_RESOURCES @ http://localhost:5261/api/v1/admin/typography:0
[   47451ms] [ERROR] Failed to load resource: net::ERR_INSUFFICIENT_RESOURCES @ http://localhost:5261/api/v1/admin/typography:0
[   47452ms] [ERROR] Maximum update depth exceeded. This can happen when a component calls setState inside useEffect, but useEffect either doesn't have a dependency array, or one of the dependencies changes on every render. @ http://localhost:3000/_next/static/chunks/node_modules_next_dist_1e8vcs8._.js:1052
[   47454ms] [ERROR] Failed to load resource: net::ERR_INSUFFICIENT_RESOURCES @ http://localhost:5261/api/v1/admin/typography:0
[   47455ms] [ERROR] Failed to load resource: net::ERR_INSUFFICIENT_RESOURCES @ http://localhost:5261/api/v1/admin/typography:0
[   47455ms] [ERROR] Failed to load resource: net::ERR_INSUFFICIENT_RESOURCES @ http://localhost:5261/api/v1/admin/typography:0
[   47460ms] [ERROR] Failed to load resource: net::ERR_INSUFFICIENT_RESOURCES @ http://localhost:5261/api/v1/admin/typography:0
[   47460ms] [ERROR] Failed to load resource: net::ERR_INSUFFICIENT_RESOURCES @ http://localhost:5261/api/v1/admin/typography:0
[   47461ms] [ERROR] Failed to load resource: net::ERR_INSUFFICIENT_RESOURCES @ http://localhost:5261/api/v1/admin/typography:0
[   47461ms] [ERROR] Failed to load resource: net::ERR_INSUFFICIENT_RESOURCES @ http://localhost:5261/api/v1/admin/typography:0
[   47463ms] [ERROR] Failed to load resource: net::ERR_INSUFFICIENT_RESOURCES @ http://localhost:3000/__nextjs_original-stack-frames:0
[   47466ms] [ERROR] Failed to load resource: net::ERR_INSUFFICIENT_RESOURCES @ http://localhost:5261/api/v1/admin/typography:0
[   47466ms] [ERROR] Failed to load resource: net::ERR_INSUFFICIENT_RESOURCES @ http://localhost:5261/api/v1/admin/typography:0
[   47470ms] [ERROR] Failed to load resource: net::ERR_INSUFFICIENT_RESOURCES @ http://localhost:5261/api/v1/admin/typography:0
[   47474ms] [ERROR] Failed to load resource: net::ERR_INSUFFICIENT_RESOURCES @ http://localhost:5261/api/v1/admin/typography:0
[   47474ms] [ERROR] Failed to load resource: net::ERR_INSUFFICIENT_RESOURCES @ http://localhost:5261/api/v1/admin/typography:0
[   47475ms] [ERROR] Failed to load resource: net::ERR_INSUFFICIENT_RESOURCES @ http://localhost:5261/api/v1/admin/typography:0
[   47477ms] [ERROR] Failed to load resource: net::ERR_INSUFFICIENT_RESOURCES @ http://localhost:5261/api/v1/admin/typography:0
[   47477ms] [ERROR] Failed to load resource: net::ERR_INSUFFICIENT_RESOURCES @ http://localhost:5261/api/v1/admin/typography:0
[   47479ms] [ERROR] Failed to load resource: net::ERR_INSUFFICIENT_RESOURCES @ http://localhost:5261/api/v1/admin/typography:0
[   47479ms] [ERROR] Failed to load resource: net::ERR_INSUFFICIENT_RESOURCES @ http://localhost:5261/api/v1/admin/typography:0
[   47481ms] [ERROR] Failed to load resource: net::ERR_INSUFFICIENT_RESOURCES @ http://localhost:5261/api/v1/admin/typography:0
[   47483ms] [ERROR] Failed to load resource: net::ERR_INSUFFICIENT_RESOURCES @ http://localhost:5261/api/v1/admin/typography:0
[   47483ms] [ERROR] Failed to load resource: net::ERR_INSUFFICIENT_RESOURCES @ http://localhost:5261/api/v1/admin/typography:0
[   47484ms] [ERROR] Failed to load resource: net::ERR_INSUFFICIENT_RESOURCES @ http://localhost:5261/api/v1/admin/typography:0
[   47485ms] [ERROR] Failed to load resource: net::ERR_INSUFFICIENT_RESOURCES @ http://localhost:5261/api/v1/admin/typography:0
[   47488ms] [ERROR] Failed to load resource: net::ERR_INSUFFICIENT_RESOURCES @ http://localhost:5261/api/v1/admin/typography:0
[   47489ms] [ERROR] Failed to load resource: net::ERR_INSUFFICIENT_RESOURCES @ http://localhost:5261/api/v1/admin/typography:0
[   47491ms] [ERROR] Failed to load resource: net::ERR_INSUFFICIENT_RESOURCES @ http://localhost:5261/api/v1/admin/typography:0
[   47493ms] [ERROR] Failed to load resource: net::ERR_INSUFFICIENT_RESOURCES @ http://localhost:5261/api/v1/admin/typography:0
[   47494ms] [ERROR] Failed to load resource: net::ERR_INSUFFICIENT_RESOURCES @ http://localhost:5261/api/v1/admin/typography:0
[   47494ms] [ERROR] Failed to load resource: net::ERR_INSUFFICIENT_RESOURCES @ http://localhost:5261/api/v1/admin/typography:0
[   47495ms] [ERROR] Failed to load resource: net::ERR_INSUFFICIENT_RESOURCES @ http://localhost:5261/api/v1/admin/typography:0
[   47499ms] [ERROR] Failed to load resource: net::ERR_INSUFFICIENT_RESOURCES @ http://localhost:5261/api/v1/admin/typography:0
[   47508ms] [ERROR] Failed to load resource: net::ERR_INSUFFICIENT_RESOURCES @ http://localhost:5261/api/v1/admin/typography:0
[   47509ms] [ERROR] Failed to load resource: net::ERR_INSUFFICIENT_RESOURCES @ http://localhost:5261/api/v1/admin/typography:0
[   47509ms] [ERROR] Failed to load resource: net::ERR_INSUFFICIENT_RESOURCES @ http://localhost:5261/api/v1/admin/typography:0
[   47509ms] [ERROR] Failed to load resource: net::ERR_INSUFFICIENT_RESOURCES @ http://localhost:5261/api/v1/admin/typography:0
[   47509ms] [ERROR] Failed to load resource: net::ERR_INSUFFICIENT_RESOURCES @ http://localhost:5261/api/v1/admin/typography:0
[   47510ms] [ERROR] Failed to load resource: net::ERR_INSUFFICIENT_RESOURCES @ http://localhost:5261/api/v1/admin/typography:0
[   47512ms] [ERROR] Failed to load resource: net::ERR_INSUFFICIENT_RESOURCES @ http://localhost:5261/api/v1/admin/typography:0
[   47512ms] [ERROR] Failed to load resource: net::ERR_INSUFFICIENT_RESOURCES @ http://localhost:5261/api/v1/admin/typography:0
[   47512ms] [ERROR] Failed to load resource: net::ERR_INSUFFICIENT_RESOURCES @ http://localhost:5261/api/v1/admin/typography:0
[   47512ms] [ERROR] Failed to load resource: net::ERR_INSUFFICIENT_RESOURCES @ http://localhost:5261/api/v1/admin/typography:0
[   47513ms] [ERROR] Failed to load resource: net::ERR_INSUFFICIENT_RESOURCES @ http://localhost:5261/api/v1/admin/typography:0
[   47515ms] [ERROR] Failed to load resource: net::ERR_INSUFFICIENT_RESOURCES @ http://localhost:5261/api/v1/admin/typography:0
[   47515ms] [ERROR] Failed to load resource: net::ERR_INSUFFICIENT_RESOURCES @ http://localhost:5261/api/v1/admin/typography:0
[   47515ms] [ERROR] Failed to load resource: net::ERR_INSUFFICIENT_RESOURCES @ http://localhost:5261/api/v1/admin/typography:0
[   47515ms] [ERROR] Failed to load resource: net::ERR_INSUFFICIENT_RESOURCES @ http://localhost:5261/api/v1/admin/typography:0
[   47517ms] [ERROR] Failed to load resource: net::ERR_INSUFFICIENT_RESOURCES @ http://localhost:5261/api/v1/admin/typography:0
[   47518ms] [ERROR] Failed to load resource: net::ERR_INSUFFICIENT_RESOURCES @ http://localhost:5261/api/v1/admin/typography:0
[   47520ms] [ERROR] Failed to load resource: net::ERR_INSUFFICIENT_RESOURCES @ http://localhost:5261/api/v1/admin/typography:0
[   47520ms] [ERROR] Failed to load resource: net::ERR_INSUFFICIENT_RESOURCES @ http://localhost:5261/api/v1/admin/typography:0
[   47520ms] [ERROR] Failed to load resource: net::ERR_INSUFFICIENT_RESOURCES @ http://localhost:5261/api/v1/admin/typography:0
[   47520ms] [ERROR] Failed to load resource: net::ERR_INSUFFICIENT_RESOURCES @ http://localhost:5261/api/v1/admin/typography:0
[   47521ms] [ERROR] Failed to load resource: net::ERR_INSUFFICIENT_RESOURCES @ http://localhost:5261/api/v1/admin/typography:0
[   47523ms] [ERROR] Failed to load resource: net::ERR_INSUFFICIENT_RESOURCES @ http://localhost:5261/api/v1/admin/typography:0
[   47525ms] [ERROR] Failed to load resource: net::ERR_INSUFFICIENT_RESOURCES @ http://localhost:5261/api/v1/admin/typography:0
[   47525ms] [ERROR] Failed to load resource: net::ERR_INSUFFICIENT_RESOURCES @ http://localhost:5261/api/v1/admin/typography:0
[   47526ms] [ERROR] Failed to load resource: net::ERR_INSUFFICIENT_RESOURCES @ http://localhost:5261/api/v1/admin/typography:0
[   47529ms] [ERROR] Failed to load resource: net::ERR_INSUFFICIENT_RESOURCES @ http://localhost:5261/api/v1/admin/typography:0
[   47529ms] [ERROR] Failed to load resource: net::ERR_INSUFFICIENT_RESOURCES @ http://localhost:5261/api/v1/admin/typography:0
[   47529ms] [ERROR] Failed to load resource: net::ERR_INSUFFICIENT_RESOURCES @ http://localhost:5261/api/v1/admin/typography:0
[   47529ms] [ERROR] Failed to load resource: net::ERR_INSUFFICIENT_RESOURCES @ http://localhost:5261/api/v1/admin/typography:0
[   47532ms] [ERROR] Failed to load resource: net::ERR_INSUFFICIENT_RESOURCES @ http://localhost:5261/api/v1/admin/typography:0
[   47532ms] [ERROR] Failed to load resource: net::ERR_INSUFFICIENT_RESOURCES @ http://localhost:5261/api/v1/admin/typography:0
[   47532ms] [ERROR] Failed to load resource: net::ERR_INSUFFICIENT_RESOURCES @ http://localhost:5261/api/v1/admin/typography:0
[   47532ms] [ERROR] Failed to load resource: net::ERR_INSUFFICIENT_RESOURCES @ http://localhost:5261/api/v1/admin/typography:0
[   47535ms] [ERROR] Failed to load resource: net::ERR_INSUFFICIENT_RESOURCES @ http://localhost:5261/api/v1/admin/typography:0
[   47535ms] [ERROR] Failed to load resource: net::ERR_INSUFFICIENT_RESOURCES @ http://localhost:5261/api/v1/admin/typography:0
[   47535ms] [ERROR] Failed to load resource: net::ERR_INSUFFICIENT_RESOURCES @ http://localhost:5261/api/v1/admin/typography:0
[   47537ms] [ERROR] Failed to load resource: net::ERR_INSUFFICIENT_RESOURCES @ http://localhost:5261/api/v1/admin/typography:0
[   47537ms] [ERROR] Failed to load resource: net::ERR_INSUFFICIENT_RESOURCES @ http://localhost:5261/api/v1/admin/typography:0
[   47537ms] [ERROR] Failed to load resource: net::ERR_INSUFFICIENT_RESOURCES @ http://localhost:5261/api/v1/admin/typography:0
[   47540ms] [ERROR] Failed to load resource: net::ERR_INSUFFICIENT_RESOURCES @ http://localhost:5261/api/v1/admin/typography:0
[   47540ms] [ERROR] Failed to load resource: net::ERR_INSUFFICIENT_RESOURCES @ http://localhost:5261/api/v1/admin/typography:0
[   47542ms] [ERROR] Failed to load resource: net::ERR_INSUFFICIENT_RESOURCES @ http://localhost:5261/api/v1/admin/typography:0
[   47543ms] [ERROR] Failed to load resource: net::ERR_INSUFFICIENT_RESOURCES @ http://localhost:5261/api/v1/admin/typography:0
[   47543ms] [ERROR] Failed to load resource: net::ERR_INSUFFICIENT_RESOURCES @ http://localhost:5261/api/v1/admin/typography:0
[   47545ms] [ERROR] Failed to load resource: net::ERR_INSUFFICIENT_RESOURCES @ http://localhost:5261/api/v1/admin/typography:0
[   47545ms] [ERROR] Failed to load resource: net::ERR_INSUFFICIENT_RESOURCES @ http://localhost:5261/api/v1/admin/typography:0
[   47545ms] [ERROR] Failed to load resource: net::ERR_INSUFFICIENT_RESOURCES @ http://localhost:5261/api/v1/admin/typography:0
[   47547ms] [ERROR] Failed to load resource: net::ERR_INSUFFICIENT_RESOURCES @ http://localhost:5261/api/v1/admin/typography:0
[   47547ms] [ERROR] Failed to load resource: net::ERR_INSUFFICIENT_RESOURCES @ http://localhost:5261/api/v1/admin/typography:0
[   47547ms] [ERROR] Failed to load resource: net::ERR_INSUFFICIENT_RESOURCES @ http://localhost:5261/api/v1/admin/typography:0
[   47549ms] [ERROR] Failed to load resource: net::ERR_INSUFFICIENT_RESOURCES @ http://localhost:5261/api/v1/admin/typography:0
[   47552ms] [ERROR] Failed to load resource: net::ERR_INSUFFICIENT_RESOURCES @ http://localhost:5261/api/v1/admin/typography:0
[   47552ms] [ERROR] Failed to load resource: net::ERR_INSUFFICIENT_RESOURCES @ http://localhost:5261/api/v1/admin/typography:0
[   47553ms] [ERROR] Failed to load resource: net::ERR_INSUFFICIENT_RESOURCES @ http://localhost:5261/api/v1/admin/typography:0
[   47554ms] [ERROR] Failed to load resource: net::ERR_INSUFFICIENT_RESOURCES @ http://localhost:5261/api/v1/admin/typography:0
[   47554ms] [ERROR] Failed to load resource: net::ERR_INSUFFICIENT_RESOURCES @ http://localhost:5261/api/v1/admin/typography:0
[   47554ms] [ERROR] Failed to load resource: net::ERR_INSUFFICIENT_RESOURCES @ http://localhost:5261/api/v1/admin/typography:0
[   47554ms] [ERROR] Failed to load resource: net::ERR_INSUFFICIENT_RESOURCES @ http://localhost:5261/api/v1/admin/typography:0
[   47556ms] [ERROR] Failed to load resource: net::ERR_INSUFFICIENT_RESOURCES @ http://localhost:5261/api/v1/admin/typography:0
[   47560ms] [ERROR] Failed to load resource: net::ERR_INSUFFICIENT_RESOURCES @ http://localhost:5261/api/v1/admin/typography:0
[   47560ms] [ERROR] Failed to load resource: net::ERR_INSUFFICIENT_RESOURCES @ http://localhost:5261/api/v1/admin/typography:0
[   47560ms] [ERROR] Failed to load resource: net::ERR_INSUFFICIENT_RESOURCES @ http://localhost:5261/api/v1/admin/typography:0
[   47560ms] [ERROR] Failed to load resource: net::ERR_INSUFFICIENT_RESOURCES @ http://localhost:5261/api/v1/admin/typography:0
[   47560ms] [ERROR] Failed to load resource: net::ERR_INSUFFICIENT_RESOURCES @ http://localhost:5261/api/v1/admin/typography:0
[   47561ms] [ERROR] Failed to load resource: net::ERR_INSUFFICIENT_RESOURCES @ http://localhost:5261/api/v1/admin/typography:0
[   47563ms] [ERROR] Failed to load resource: net::ERR_INSUFFICIENT_RESOURCES @ http://localhost:5261/api/v1/admin/typography:0
[   47563ms] [ERROR] Failed to load resource: net::ERR_INSUFFICIENT_RESOURCES @ http://localhost:5261/api/v1/admin/typography:0
[   47563ms] [ERROR] Failed to load resource: net::ERR_INSUFFICIENT_RESOURCES @ http://localhost:5261/api/v1/admin/typography:0
[   47565ms] [ERROR] Failed to load resource: net::ERR_INSUFFICIENT_RESOURCES @ http://localhost:5261/api/v1/admin/typography:0
[   47566ms] [ERROR] Failed to load resource: net::ERR_INSUFFICIENT_RESOURCES @ http://localhost:5261/api/v1/admin/typography:0
[   47572ms] [ERROR] Failed to load resource: net::ERR_INSUFFICIENT_RESOURCES @ http://localhost:5261/api/v1/admin/typography:0
[   47575ms] [ERROR] Failed to load resource: net::ERR_INSUFFICIENT_RESOURCES @ http://localhost:5261/api/v1/admin/typography:0
[   47575ms] [ERROR] Failed to load resource: net::ERR_INSUFFICIENT_RESOURCES @ http://localhost:5261/api/v1/admin/typography:0
[   47576ms] [ERROR] Failed to load resource: net::ERR_INSUFFICIENT_RESOURCES @ http://localhost:5261/api/v1/admin/typography:0
[   47576ms] [ERROR] Failed to load resource: net::ERR_INSUFFICIENT_RESOURCES @ http://localhost:5261/api/v1/admin/typography:0
[   47579ms] [ERROR] Failed to load resource: net::ERR_INSUFFICIENT_RESOURCES @ http://localhost:5261/api/v1/admin/typography:0
[   47579ms] [ERROR] Failed to load resource: net::ERR_INSUFFICIENT_RESOURCES @ http://localhost:5261/api/v1/admin/typography:0
[   47579ms] [ERROR] Failed to load resource: net::ERR_INSUFFICIENT_RESOURCES @ http://localhost:5261/api/v1/admin/typography:0
[   47583ms] [ERROR] Failed to load resource: net::ERR_INSUFFICIENT_RESOURCES @ http://localhost:5261/api/v1/admin/typography:0
[   47586ms] [ERROR] Failed to load resource: net::ERR_INSUFFICIENT_RESOURCES @ http://localhost:5261/api/v1/admin/typography:0
[   47586ms] [ERROR] Failed to load resource: net::ERR_INSUFFICIENT_RESOURCES @ http://localhost:5261/api/v1/admin/typography:0
[   47591ms] [ERROR] Failed to load resource: net::ERR_INSUFFICIENT_RESOURCES @ http://localhost:5261/api/v1/admin/typography:0
[   47591ms] [ERROR] Failed to load resource: net::ERR_INSUFFICIENT_RESOURCES @ http://localhost:5261/api/v1/admin/typography:0
[   47591ms] [ERROR] Failed to load resource: net::ERR_INSUFFICIENT_RESOURCES @ http://localhost:5261/api/v1/admin/typography:0
[   47594ms] [ERROR] Failed to load resource: net::ERR_INSUFFICIENT_RESOURCES @ http://localhost:5261/api/v1/admin/typography:0
[   47597ms] [ERROR] Failed to load resource: net::ERR_INSUFFICIENT_RESOURCES @ http://localhost:5261/api/v1/admin/typography:0
[   47597ms] [ERROR] Failed to load resource: net::ERR_INSUFFICIENT_RESOURCES @ http://localhost:5261/api/v1/admin/typography:0
[   47603ms] [ERROR] Failed to load resource: net::ERR_INSUFFICIENT_RESOURCES @ http://localhost:5261/api/v1/admin/typography:0
[   47603ms] [ERROR] Failed to load resource: net::ERR_INSUFFICIENT_RESOURCES @ http://localhost:5261/api/v1/admin/typography:0
[   47603ms] [ERROR] Failed to load resource: net::ERR_INSUFFICIENT_RESOURCES @ http://localhost:5261/api/v1/admin/typography:0
[   47603ms] [ERROR] Failed to load resource: net::ERR_INSUFFICIENT_RESOURCES @ http://localhost:5261/api/v1/admin/typography:0
[   47605ms] [ERROR] Failed to load resource: net::ERR_INSUFFICIENT_RESOURCES @ http://localhost:5261/api/v1/admin/typography:0
[   47607ms] [ERROR] Failed to load resource: net::ERR_INSUFFICIENT_RESOURCES @ http://localhost:5261/api/v1/admin/typography:0
[   47607ms] [ERROR] Failed to load resource: net::ERR_INSUFFICIENT_RESOURCES @ http://localhost:5261/api/v1/admin/typography:0
[   47607ms] [ERROR] Failed to load resource: net::ERR_INSUFFICIENT_RESOURCES @ http://localhost:5261/api/v1/admin/typography:0
[   47609ms] [ERROR] Failed to load resource: net::ERR_INSUFFICIENT_RESOURCES @ http://localhost:5261/api/v1/admin/typography:0
[   47611ms] [ERROR] Failed to load resource: net::ERR_INSUFFICIENT_RESOURCES @ http://localhost:5261/api/v1/admin/typography:0
[   47616ms] [ERROR] Failed to load resource: net::ERR_INSUFFICIENT_RESOURCES @ http://localhost:5261/api/v1/admin/typography:0
[   47616ms] [ERROR] Failed to load resource: net::ERR_INSUFFICIENT_RESOURCES @ http://localhost:5261/api/v1/admin/typography:0
[   47616ms] [ERROR] Failed to load resource: net::ERR_INSUFFICIENT_RESOURCES @ http://localhost:5261/api/v1/admin/typography:0
[   47619ms] [ERROR] Failed to load resource: net::ERR_INSUFFICIENT_RESOURCES @ http://localhost:5261/api/v1/admin/typography:0
[   47619ms] [ERROR] Failed to load resource: net::ERR_INSUFFICIENT_RESOURCES @ http://localhost:5261/api/v1/admin/typography:0
[   47619ms] [ERROR] Failed to load resource: net::ERR_INSUFFICIENT_RESOURCES @ http://localhost:5261/api/v1/admin/typography:0
[   47619ms] [ERROR] Failed to load resource: net::ERR_INSUFFICIENT_RESOURCES @ http://localhost:5261/api/v1/admin/typography:0
[   47619ms] [ERROR] Failed to load resource: net::ERR_INSUFFICIENT_RESOURCES @ http://localhost:5261/api/v1/admin/typography:0
[   47622ms] [ERROR] Failed to load resource: net::ERR_INSUFFICIENT_RESOURCES @ http://localhost:5261/api/v1/admin/typography:0
[   47622ms] [ERROR] Maximum update depth exceeded. This can happen when a component calls setState inside useEffect, but useEffect either doesn't have a dependency array, or one of the dependencies changes on every render. @ http://localhost:3000/_next/static/chunks/node_modules_next_dist_1e8vcs8._.js:1052
[   47622ms] [ERROR] Failed to load resource: net::ERR_INSUFFICIENT_RESOURCES @ http://localhost:5261/api/v1/admin/typography:0
[   47624ms] [ERROR] Failed to load resource: net::ERR_INSUFFICIENT_RESOURCES @ http://localhost:5261/api/v1/admin/typography:0
[   47625ms] [ERROR] Failed to load resource: net::ERR_INSUFFICIENT_RESOURCES @ http://localhost:5261/api/v1/admin/typography:0
[   47626ms] [ERROR] Failed to load resource: net::ERR_INSUFFICIENT_RESOURCES @ http://localhost:5261/api/v1/admin/typography:0
[   47628ms] [ERROR] Failed to load resource: net::ERR_INSUFFICIENT_RESOURCES @ http://localhost:5261/api/v1/admin/typography:0
[   47631ms] [ERROR] Failed to load resource: net::ERR_INSUFFICIENT_RESOURCES @ http://localhost:5261/api/v1/admin/typography:0
[   47631ms] [ERROR] Failed to load resource: net::ERR_INSUFFICIENT_RESOURCES @ http://localhost:5261/api/v1/admin/typography:0
[   47631ms] [ERROR] Failed to load resource: net::ERR_INSUFFICIENT_RESOURCES @ http://localhost:5261/api/v1/admin/typography:0
[   47632ms] [ERROR] Failed to load resource: net::ERR_INSUFFICIENT_RESOURCES @ http://localhost:5261/api/v1/admin/typography:0
[   47632ms] [ERROR] Failed to load resource: net::ERR_INSUFFICIENT_RESOURCES @ http://localhost:5261/api/v1/admin/typography:0
[   47636ms] [ERROR] Failed to load resource: net::ERR_INSUFFICIENT_RESOURCES @ http://localhost:5261/api/v1/admin/typography:0
[   47636ms] [ERROR] Failed to load resource: net::ERR_INSUFFICIENT_RESOURCES @ http://localhost:5261/api/v1/admin/typography:0
[   47636ms] [ERROR] Failed to load resource: net::ERR_INSUFFICIENT_RESOURCES @ http://localhost:5261/api/v1/admin/typography:0
[   47639ms] [ERROR] Failed to load resource: net::ERR_INSUFFICIENT_RESOURCES @ http://localhost:5261/api/v1/admin/typography:0
[   47639ms] [ERROR] Failed to load resource: net::ERR_INSUFFICIENT_RESOURCES @ http://localhost:5261/api/v1/admin/typography:0
[   47639ms] [ERROR] Failed to load resource: net::ERR_INSUFFICIENT_RESOURCES @ http://localhost:5261/api/v1/admin/typography:0
[   47639ms] [ERROR] Failed to load resource: net::ERR_INSUFFICIENT_RESOURCES @ http://localhost:5261/api/v1/admin/typography:0
[   47641ms] [ERROR] Failed to load resource: net::ERR_INSUFFICIENT_RESOURCES @ http://localhost:5261/api/v1/admin/typography:0
[   47641ms] [ERROR] Failed to load resource: net::ERR_INSUFFICIENT_RESOURCES @ http://localhost:5261/api/v1/admin/typography:0
[   47642ms] [ERROR] Failed to load resource: net::ERR_INSUFFICIENT_RESOURCES @ http://localhost:5261/api/v1/admin/typography:0
[   47642ms] [ERROR] Failed to load resource: net::ERR_INSUFFICIENT_RESOURCES @ http://localhost:5261/api/v1/admin/typography:0
[   47644ms] [ERROR] Failed to load resource: net::ERR_INSUFFICIENT_RESOURCES @ http://localhost:5261/api/v1/admin/typography:0
[   47647ms] [ERROR] Failed to load resource: net::ERR_INSUFFICIENT_RESOURCES @ http://localhost:5261/api/v1/admin/typography:0
[   47647ms] [ERROR] Failed to load resource: net::ERR_INSUFFICIENT_RESOURCES @ http://localhost:5261/api/v1/admin/typography:0
[   47647ms] [ERROR] Failed to load resource: net::ERR_INSUFFICIENT_RESOURCES @ http://localhost:5261/api/v1/admin/typography:0
[   47648ms] [ERROR] Failed to load resource: net::ERR_INSUFFICIENT_RESOURCES @ http://localhost:5261/api/v1/admin/typography:0
[   47651ms] [ERROR] Failed to load resource: net::ERR_INSUFFICIENT_RESOURCES @ http://localhost:5261/api/v1/admin/typography:0
[   47651ms] [ERROR] Failed to load resource: net::ERR_INSUFFICIENT_RESOURCES @ http://localhost:5261/api/v1/admin/typography:0
[   47655ms] [ERROR] Failed to load resource: net::ERR_INSUFFICIENT_RESOURCES @ http://localhost:5261/api/v1/admin/typography:0
[   47655ms] [ERROR] Failed to load resource: net::ERR_INSUFFICIENT_RESOURCES @ http://localhost:5261/api/v1/admin/typography:0
[   47655ms] [ERROR] Failed to load resource: net::ERR_INSUFFICIENT_RESOURCES @ http://localhost:5261/api/v1/admin/typography:0
[   47657ms] [ERROR] Failed to load resource: net::ERR_INSUFFICIENT_RESOURCES @ http://localhost:5261/api/v1/admin/typography:0
[   47657ms] [ERROR] Failed to load resource: net::ERR_INSUFFICIENT_RESOURCES @ http://localhost:5261/api/v1/admin/typography:0
[   47662ms] [ERROR] Failed to load resource: net::ERR_INSUFFICIENT_RESOURCES @ http://localhost:5261/api/v1/admin/typography:0
[   47662ms] [ERROR] Failed to load resource: net::ERR_INSUFFICIENT_RESOURCES @ http://localhost:5261/api/v1/admin/typography:0
[   47662ms] [ERROR] Failed to load resource: net::ERR_INSUFFICIENT_RESOURCES @ http://localhost:5261/api/v1/admin/typography:0
[   47662ms] [ERROR] Failed to load resource: net::ERR_INSUFFICIENT_RESOURCES @ http://localhost:5261/api/v1/admin/typography:0
[   47663ms] [ERROR] Failed to load resource: net::ERR_INSUFFICIENT_RESOURCES @ http://localhost:5261/api/v1/admin/typography:0
[   47666ms] [ERROR] Failed to load resource: net::ERR_INSUFFICIENT_RESOURCES @ http://localhost:5261/api/v1/admin/typography:0
[   47666ms] [ERROR] Failed to load resource: net::ERR_INSUFFICIENT_RESOURCES @ http://localhost:5261/api/v1/admin/typography:0
[   47666ms] [ERROR] Failed to load resource: net::ERR_INSUFFICIENT_RESOURCES @ http://localhost:5261/api/v1/admin/typography:0
[   47666ms] [ERROR] Failed to load resource: net::ERR_INSUFFICIENT_RESOURCES @ http://localhost:5261/api/v1/admin/typography:0
[   47668ms] [ERROR] Failed to load resource: net::ERR_INSUFFICIENT_RESOURCES @ http://localhost:5261/api/v1/admin/typography:0
[   47668ms] [ERROR] Failed to load resource: net::ERR_INSUFFICIENT_RESOURCES @ http://localhost:5261/api/v1/admin/typography:0
[   47672ms] [ERROR] Failed to load resource: net::ERR_INSUFFICIENT_RESOURCES @ http://localhost:5261/api/v1/admin/typography:0
[   47672ms] [ERROR] Failed to load resource: net::ERR_INSUFFICIENT_RESOURCES @ http://localhost:5261/api/v1/admin/typography:0
[   47672ms] [ERROR] Failed to load resource: net::ERR_INSUFFICIENT_RESOURCES @ http://localhost:5261/api/v1/admin/typography:0
[   47672ms] [ERROR] Failed to load resource: net::ERR_INSUFFICIENT_RESOURCES @ http://localhost:5261/api/v1/admin/typography:0
[   47675ms] [ERROR] Failed to load resource: net::ERR_INSUFFICIENT_RESOURCES @ http://localhost:5261/api/v1/admin/typography:0
[   47675ms] [ERROR] Failed to load resource: net::ERR_INSUFFICIENT_RESOURCES @ http://localhost:5261/api/v1/admin/typography:0
[   47675ms] [ERROR] Failed to load resource: net::ERR_INSUFFICIENT_RESOURCES @ http://localhost:5261/api/v1/admin/typography:0
[   47677ms] [ERROR] Failed to load resource: net::ERR_INSUFFICIENT_RESOURCES @ http://localhost:5261/api/v1/admin/typography:0
[   47677ms] [ERROR] Failed to load resource: net::ERR_INSUFFICIENT_RESOURCES @ http://localhost:5261/api/v1/admin/typography:0
[   47677ms] [ERROR] Failed to load resource: net::ERR_INSUFFICIENT_RESOURCES @ http://localhost:5261/api/v1/admin/typography:0
[   47677ms] [ERROR] Failed to load resource: net::ERR_INSUFFICIENT_RESOURCES @ http://localhost:5261/api/v1/admin/typography:0
[   47680ms] [ERROR] Failed to load resource: net::ERR_INSUFFICIENT_RESOURCES @ http://localhost:5261/api/v1/admin/typography:0
[   47680ms] [ERROR] Failed to load resource: net::ERR_INSUFFICIENT_RESOURCES @ http://localhost:5261/api/v1/admin/typography:0
[   47682ms] [ERROR] Failed to load resource: net::ERR_INSUFFICIENT_RESOURCES @ http://localhost:5261/api/v1/admin/typography:0
[   47683ms] [ERROR] Failed to load resource: net::ERR_INSUFFICIENT_RESOURCES @ http://localhost:5261/api/v1/admin/typography:0
[   47683ms] [ERROR] Failed to load resource: net::ERR_INSUFFICIENT_RESOURCES @ http://localhost:5261/api/v1/admin/typography:0
[   47683ms] [ERROR] Failed to load resource: net::ERR_INSUFFICIENT_RESOURCES @ http://localhost:5261/api/v1/admin/typography:0
[   47683ms] [ERROR] Failed to load resource: net::ERR_INSUFFICIENT_RESOURCES @ http://localhost:5261/api/v1/admin/typography:0
[   47686ms] [ERROR] Failed to load resource: net::ERR_INSUFFICIENT_RESOURCES @ http://localhost:5261/api/v1/admin/typography:0
[   47686ms] [ERROR] Failed to load resource: net::ERR_INSUFFICIENT_RESOURCES @ http://localhost:5261/api/v1/admin/typography:0
[   47690ms] [ERROR] Failed to load resource: net::ERR_INSUFFICIENT_RESOURCES @ http://localhost:5261/api/v1/admin/typography:0
[   47690ms] [ERROR] Failed to load resource: net::ERR_INSUFFICIENT_RESOURCES @ http://localhost:5261/api/v1/admin/typography:0
[   47690ms] [ERROR] Failed to load resource: net::ERR_INSUFFICIENT_RESOURCES @ http://localhost:5261/api/v1/admin/typography:0
[   47690ms] [ERROR] Failed to load resource: net::ERR_INSUFFICIENT_RESOURCES @ http://localhost:5261/api/v1/admin/typography:0
[   47690ms] [ERROR] Failed to load resource: net::ERR_INSUFFICIENT_RESOURCES @ http://localhost:5261/api/v1/admin/typography:0
[   47692ms] [ERROR] Failed to load resource: net::ERR_INSUFFICIENT_RESOURCES @ http://localhost:5261/api/v1/admin/typography:0
[   47692ms] [ERROR] Failed to load resource: net::ERR_INSUFFICIENT_RESOURCES @ http://localhost:5261/api/v1/admin/typography:0
[   47692ms] [ERROR] Failed to load resource: net::ERR_INSUFFICIENT_RESOURCES @ http://localhost:5261/api/v1/admin/typography:0
[   47696ms] [ERROR] Failed to load resource: net::ERR_INSUFFICIENT_RESOURCES @ http://localhost:5261/api/v1/admin/typography:0
[   47697ms] [ERROR] Failed to load resource: net::ERR_INSUFFICIENT_RESOURCES @ http://localhost:5261/api/v1/admin/typography:0
[   47697ms] [ERROR] Failed to load resource: net::ERR_INSUFFICIENT_RESOURCES @ http://localhost:5261/api/v1/admin/typography:0
[   47697ms] [ERROR] Failed to load resource: net::ERR_INSUFFICIENT_RESOURCES @ http://localhost:5261/api/v1/admin/typography:0
[   47701ms] [ERROR] Failed to load resource: net::ERR_INSUFFICIENT_RESOURCES @ http://localhost:5261/api/v1/admin/typography:0
[   47701ms] [ERROR] Failed to load resource: net::ERR_INSUFFICIENT_RESOURCES @ http://localhost:5261/api/v1/admin/typography:0
[   47701ms] [ERROR] Failed to load resource: net::ERR_INSUFFICIENT_RESOURCES @ http://localhost:5261/api/v1/admin/typography:0
[   47701ms] [ERROR] Failed to load resource: net::ERR_INSUFFICIENT_RESOURCES @ http://localhost:5261/api/v1/admin/typography:0
[   47710ms] [ERROR] Failed to load resource: net::ERR_INSUFFICIENT_RESOURCES @ http://localhost:5261/api/v1/admin/typography:0
[   47710ms] [ERROR] Failed to load resource: net::ERR_INSUFFICIENT_RESOURCES @ http://localhost:5261/api/v1/admin/typography:0
[   47722ms] [ERROR] Failed to load resource: net::ERR_INSUFFICIENT_RESOURCES @ http://localhost:5261/api/v1/admin/typography:0
[   47724ms] [ERROR] Failed to load resource: net::ERR_INSUFFICIENT_RESOURCES @ http://localhost:5261/api/v1/admin/typography:0
[   47724ms] [ERROR] Failed to load resource: net::ERR_INSUFFICIENT_RESOURCES @ http://localhost:5261/api/v1/admin/typography:0
[   47724ms] [ERROR] Failed to load resource: net::ERR_INSUFFICIENT_RESOURCES @ http://localhost:5261/api/v1/admin/typography:0
[   47725ms] [ERROR] Failed to load resource: net::ERR_INSUFFICIENT_RESOURCES @ http://localhost:5261/api/v1/admin/typography:0
[   47727ms] [ERROR] Failed to load resource: net::ERR_INSUFFICIENT_RESOURCES @ http://localhost:5261/api/v1/admin/typography:0
[   47727ms] [ERROR] Failed to load resource: net::ERR_INSUFFICIENT_RESOURCES @ http://localhost:5261/api/v1/admin/typography:0
[   47727ms] [ERROR] Failed to load resource: net::ERR_INSUFFICIENT_RESOURCES @ http://localhost:5261/api/v1/admin/typography:0
[   47731ms] [ERROR] Failed to load resource: net::ERR_INSUFFICIENT_RESOURCES @ http://localhost:5261/api/v1/admin/typography:0
[   47731ms] [ERROR] Failed to load resource: net::ERR_INSUFFICIENT_RESOURCES @ http://localhost:5261/api/v1/admin/typography:0
[   47731ms] [ERROR] Failed to load resource: net::ERR_INSUFFICIENT_RESOURCES @ http://localhost:5261/api/v1/admin/typography:0
[   47731ms] [ERROR] Failed to load resource: net::ERR_INSUFFICIENT_RESOURCES @ http://localhost:5261/api/v1/admin/typography:0
[   47733ms] [ERROR] Failed to load resource: net::ERR_INSUFFICIENT_RESOURCES @ http://localhost:5261/api/v1/admin/typography:0
[   47733ms] [ERROR] Failed to load resource: net::ERR_INSUFFICIENT_RESOURCES @ http://localhost:5261/api/v1/admin/typography:0
[   47733ms] [ERROR] Failed to load resource: net::ERR_INSUFFICIENT_RESOURCES @ http://localhost:5261/api/v1/admin/typography:0
[   47733ms] [ERROR] Failed to load resource: net::ERR_INSUFFICIENT_RESOURCES @ http://localhost:5261/api/v1/admin/typography:0
[   47740ms] [ERROR] Failed to load resource: net::ERR_INSUFFICIENT_RESOURCES @ http://localhost:5261/api/v1/admin/typography:0
[   47740ms] [ERROR] Failed to load resource: net::ERR_INSUFFICIENT_RESOURCES @ http://localhost:5261/api/v1/admin/typography:0
[   47740ms] [ERROR] Failed to load resource: net::ERR_INSUFFICIENT_RESOURCES @ http://localhost:5261/api/v1/admin/typography:0
[   47740ms] [ERROR] Failed to load resource: net::ERR_INSUFFICIENT_RESOURCES @ http://localhost:5261/api/v1/admin/typography:0
[   47740ms] [ERROR] Failed to load resource: net::ERR_INSUFFICIENT_RESOURCES @ http://localhost:5261/api/v1/admin/typography:0
[   47741ms] [ERROR] Failed to load resource: net::ERR_INSUFFICIENT_RESOURCES @ http://localhost:5261/api/v1/admin/typography:0
[   47744ms] [ERROR] Failed to load resource: net::ERR_INSUFFICIENT_RESOURCES @ http://localhost:5261/api/v1/admin/typography:0
[   47744ms] [ERROR] Failed to load resource: net::ERR_INSUFFICIENT_RESOURCES @ http://localhost:5261/api/v1/admin/typography:0
[   47744ms] [ERROR] Failed to load resource: net::ERR_INSUFFICIENT_RESOURCES @ http://localhost:5261/api/v1/admin/typography:0
[   47744ms] [ERROR] Failed to load resource: net::ERR_INSUFFICIENT_RESOURCES @ http://localhost:5261/api/v1/admin/typography:0
[   47744ms] [ERROR] Failed to load resource: net::ERR_INSUFFICIENT_RESOURCES @ http://localhost:5261/api/v1/admin/typography:0
[   47748ms] [ERROR] Failed to load resource: net::ERR_INSUFFICIENT_RESOURCES @ http://localhost:5261/api/v1/admin/typography:0
[   47748ms] [ERROR] Failed to load resource: net::ERR_INSUFFICIENT_RESOURCES @ http://localhost:5261/api/v1/admin/typography:0
[   47748ms] [ERROR] Failed to load resource: net::ERR_INSUFFICIENT_RESOURCES @ http://localhost:5261/api/v1/admin/typography:0
[   47748ms] [ERROR] Failed to load resource: net::ERR_INSUFFICIENT_RESOURCES @ http://localhost:5261/api/v1/admin/typography:0
[   47749ms] [ERROR] Failed to load resource: net::ERR_INSUFFICIENT_RESOURCES @ http://localhost:5261/api/v1/admin/typography:0
[   47754ms] [ERROR] Failed to load resource: net::ERR_INSUFFICIENT_RESOURCES @ http://localhost:5261/api/v1/admin/typography:0
[   47754ms] [ERROR] Failed to load resource: net::ERR_INSUFFICIENT_RESOURCES @ http://localhost:5261/api/v1/admin/typography:0
[   47754ms] [ERROR] Failed to load resource: net::ERR_INSUFFICIENT_RESOURCES @ http://localhost:5261/api/v1/admin/typography:0
[   47755ms] [ERROR] Failed to load resource: net::ERR_INSUFFICIENT_RESOURCES @ http://localhost:5261/api/v1/admin/typography:0
[   47755ms] [ERROR] Failed to load resource: net::ERR_INSUFFICIENT_RESOURCES @ http://localhost:5261/api/v1/admin/typography:0
[   47755ms] [ERROR] Failed to load resource: net::ERR_INSUFFICIENT_RESOURCES @ http://localhost:5261/api/v1/admin/typography:0
[   47758ms] [ERROR] Failed to load resource: net::ERR_INSUFFICIENT_RESOURCES @ http://localhost:5261/api/v1/admin/typography:0
[   47758ms] [ERROR] Failed to load resource: net::ERR_INSUFFICIENT_RESOURCES @ http://localhost:5261/api/v1/admin/typography:0
[   47762ms] [ERROR] Failed to load resource: net::ERR_INSUFFICIENT_RESOURCES @ http://localhost:5261/api/v1/admin/typography:0
[   47762ms] [ERROR] Failed to load resource: net::ERR_INSUFFICIENT_RESOURCES @ http://localhost:5261/api/v1/admin/typography:0
[   47762ms] [ERROR] Failed to load resource: net::ERR_INSUFFICIENT_RESOURCES @ http://localhost:5261/api/v1/admin/typography:0
[   47765ms] [ERROR] Failed to load resource: net::ERR_INSUFFICIENT_RESOURCES @ http://localhost:5261/api/v1/admin/typography:0
[   47765ms] [ERROR] Failed to load resource: net::ERR_INSUFFICIENT_RESOURCES @ http://localhost:5261/api/v1/admin/typography:0
[   47766ms] [ERROR] Failed to load resource: net::ERR_INSUFFICIENT_RESOURCES @ http://localhost:5261/api/v1/admin/typography:0
[   47766ms] [ERROR] Failed to load resource: net::ERR_INSUFFICIENT_RESOURCES @ http://localhost:5261/api/v1/admin/typography:0
[   47770ms] [ERROR] Failed to load resource: net::ERR_INSUFFICIENT_RESOURCES @ http://localhost:5261/api/v1/admin/typography:0
[   47770ms] [ERROR] Failed to load resource: net::ERR_INSUFFICIENT_RESOURCES @ http://localhost:5261/api/v1/admin/typography:0
[   47770ms] [ERROR] Failed to load resource: net::ERR_INSUFFICIENT_RESOURCES @ http://localhost:5261/api/v1/admin/typography:0
[   47773ms] [ERROR] Failed to load resource: net::ERR_INSUFFICIENT_RESOURCES @ http://localhost:5261/api/v1/admin/typography:0
[   47773ms] [ERROR] Failed to load resource: net::ERR_INSUFFICIENT_RESOURCES @ http://localhost:5261/api/v1/admin/typography:0
[   47773ms] [ERROR] Failed to load resource: net::ERR_INSUFFICIENT_RESOURCES @ http://localhost:5261/api/v1/admin/typography:0
[   47775ms] [ERROR] Failed to load resource: net::ERR_INSUFFICIENT_RESOURCES @ http://localhost:5261/api/v1/admin/typography:0
[   47775ms] [ERROR] Maximum update depth exceeded. This can happen when a component calls setState inside useEffect, but useEffect either doesn't have a dependency array, or one of the dependencies changes on every render. @ http://localhost:3000/_next/static/chunks/node_modules_next_dist_1e8vcs8._.js:1052
[   47776ms] [ERROR] Failed to load resource: net::ERR_INSUFFICIENT_RESOURCES @ http://localhost:5261/api/v1/admin/typography:0
[   47776ms] [ERROR] Failed to load resource: net::ERR_INSUFFICIENT_RESOURCES @ http://localhost:5261/api/v1/admin/typography:0
[   47776ms] [ERROR] Failed to load resource: net::ERR_INSUFFICIENT_RESOURCES @ http://localhost:5261/api/v1/admin/typography:0
[   47776ms] [ERROR] Failed to load resource: net::ERR_INSUFFICIENT_RESOURCES @ http://localhost:5261/api/v1/admin/typography:0
[   47779ms] [ERROR] Failed to load resource: net::ERR_INSUFFICIENT_RESOURCES @ http://localhost:5261/api/v1/admin/typography:0
[   47779ms] [ERROR] Failed to load resource: net::ERR_INSUFFICIENT_RESOURCES @ http://localhost:5261/api/v1/admin/typography:0
[   47790ms] [ERROR] Failed to load resource: net::ERR_INSUFFICIENT_RESOURCES @ http://localhost:5261/api/v1/admin/typography:0
[   47791ms] [ERROR] Failed to load resource: net::ERR_INSUFFICIENT_RESOURCES @ http://localhost:5261/api/v1/admin/typography:0
[   47791ms] [ERROR] Failed to load resource: net::ERR_INSUFFICIENT_RESOURCES @ http://localhost:5261/api/v1/admin/typography:0
[   47791ms] [ERROR] Failed to load resource: net::ERR_INSUFFICIENT_RESOURCES @ http://localhost:5261/api/v1/admin/typography:0
[   47795ms] [ERROR] Failed to load resource: net::ERR_INSUFFICIENT_RESOURCES @ http://localhost:5261/api/v1/admin/typography:0
[   47797ms] [ERROR] Failed to load resource: net::ERR_INSUFFICIENT_RESOURCES @ http://localhost:5261/api/v1/admin/typography:0
[   47798ms] [ERROR] Failed to load resource: net::ERR_INSUFFICIENT_RESOURCES @ http://localhost:5261/api/v1/admin/typography:0
[   47802ms] [ERROR] Failed to load resource: net::ERR_INSUFFICIENT_RESOURCES @ http://localhost:5261/api/v1/admin/typography:0
[   47802ms] [ERROR] Failed to load resource: net::ERR_INSUFFICIENT_RESOURCES @ http://localhost:5261/api/v1/admin/typography:0
[   47805ms] [ERROR] Failed to load resource: net::ERR_INSUFFICIENT_RESOURCES @ http://localhost:5261/api/v1/admin/typography:0
[   47805ms] [ERROR] Failed to load resource: net::ERR_INSUFFICIENT_RESOURCES @ http://localhost:5261/api/v1/admin/typography:0
[   47805ms] [ERROR] Failed to load resource: net::ERR_INSUFFICIENT_RESOURCES @ http://localhost:5261/api/v1/admin/typography:0
[   47805ms] [ERROR] Failed to load resource: net::ERR_INSUFFICIENT_RESOURCES @ http://localhost:5261/api/v1/admin/typography:0
[   47808ms] [ERROR] Failed to load resource: net::ERR_INSUFFICIENT_RESOURCES @ http://localhost:5261/api/v1/admin/typography:0
[   47808ms] [ERROR] Failed to load resource: net::ERR_INSUFFICIENT_RESOURCES @ http://localhost:5261/api/v1/admin/typography:0
[   47808ms] [ERROR] Failed to load resource: net::ERR_INSUFFICIENT_RESOURCES @ http://localhost:5261/api/v1/admin/typography:0
[   47811ms] [ERROR] Failed to load resource: net::ERR_INSUFFICIENT_RESOURCES @ http://localhost:5261/api/v1/admin/typography:0
[   47812ms] [ERROR] Failed to load resource: net::ERR_INSUFFICIENT_RESOURCES @ http://localhost:5261/api/v1/admin/typography:0
[   47812ms] [ERROR] Failed to load resource: net::ERR_INSUFFICIENT_RESOURCES @ http://localhost:5261/api/v1/admin/typography:0
[   47812ms] [ERROR] Failed to load resource: net::ERR_INSUFFICIENT_RESOURCES @ http://localhost:5261/api/v1/admin/typography:0
[   47815ms] [ERROR] Failed to load resource: net::ERR_INSUFFICIENT_RESOURCES @ http://localhost:5261/api/v1/admin/typography:0
[   47815ms] [ERROR] Failed to load resource: net::ERR_INSUFFICIENT_RESOURCES @ http://localhost:5261/api/v1/admin/typography:0
[   47815ms] [ERROR] Failed to load resource: net::ERR_INSUFFICIENT_RESOURCES @ http://localhost:5261/api/v1/admin/typography:0
[   47818ms] [ERROR] Failed to load resource: net::ERR_INSUFFICIENT_RESOURCES @ http://localhost:5261/api/v1/admin/typography:0
[   47818ms] [ERROR] Failed to load resource: net::ERR_INSUFFICIENT_RESOURCES @ http://localhost:5261/api/v1/admin/typography:0
[   47818ms] [ERROR] Failed to load resource: net::ERR_INSUFFICIENT_RESOURCES @ http://localhost:5261/api/v1/admin/typography:0
[   47818ms] [ERROR] Failed to load resource: net::ERR_INSUFFICIENT_RESOURCES @ http://localhost:5261/api/v1/admin/typography:0
[   47821ms] [ERROR] Failed to load resource: net::ERR_INSUFFICIENT_RESOURCES @ http://localhost:5261/api/v1/admin/typography:0
[   47821ms] [ERROR] Failed to load resource: net::ERR_INSUFFICIENT_RESOURCES @ http://localhost:5261/api/v1/admin/typography:0
[   47821ms] [ERROR] Failed to load resource: net::ERR_INSUFFICIENT_RESOURCES @ http://localhost:5261/api/v1/admin/typography:0
[   47825ms] [ERROR] Failed to load resource: net::ERR_INSUFFICIENT_RESOURCES @ http://localhost:5261/api/v1/admin/typography:0
[   47825ms] [ERROR] Failed to load resource: net::ERR_INSUFFICIENT_RESOURCES @ http://localhost:5261/api/v1/admin/typography:0
[   47825ms] [ERROR] Failed to load resource: net::ERR_INSUFFICIENT_RESOURCES @ http://localhost:5261/api/v1/admin/typography:0
[   47825ms] [ERROR] Failed to load resource: net::ERR_INSUFFICIENT_RESOURCES @ http://localhost:5261/api/v1/admin/typography:0
[   47829ms] [ERROR] Failed to load resource: net::ERR_INSUFFICIENT_RESOURCES @ http://localhost:5261/api/v1/admin/typography:0
[   47829ms] [ERROR] Failed to load resource: net::ERR_INSUFFICIENT_RESOURCES @ http://localhost:5261/api/v1/admin/typography:0
[   47829ms] [ERROR] Failed to load resource: net::ERR_INSUFFICIENT_RESOURCES @ http://localhost:5261/api/v1/admin/typography:0
[   47833ms] [ERROR] Failed to load resource: net::ERR_INSUFFICIENT_RESOURCES @ http://localhost:5261/api/v1/admin/typography:0
[   47833ms] [ERROR] Failed to load resource: net::ERR_INSUFFICIENT_RESOURCES @ http://localhost:5261/api/v1/admin/typography:0
[   47833ms] [ERROR] Failed to load resource: net::ERR_INSUFFICIENT_RESOURCES @ http://localhost:5261/api/v1/admin/typography:0
[   47833ms] [ERROR] Failed to load resource: net::ERR_INSUFFICIENT_RESOURCES @ http://localhost:5261/api/v1/admin/typography:0
[   47833ms] [ERROR] Failed to load resource: net::ERR_INSUFFICIENT_RESOURCES @ http://localhost:5261/api/v1/admin/typography:0
[   47836ms] [ERROR] Failed to load resource: net::ERR_INSUFFICIENT_RESOURCES @ http://localhost:5261/api/v1/admin/typography:0
[   47839ms] [ERROR] Failed to load resource: net::ERR_INSUFFICIENT_RESOURCES @ http://localhost:5261/api/v1/admin/typography:0
[   47839ms] [ERROR] Failed to load resource: net::ERR_INSUFFICIENT_RESOURCES @ http://localhost:5261/api/v1/admin/typography:0
[   47839ms] [ERROR] Failed to load resource: net::ERR_INSUFFICIENT_RESOURCES @ http://localhost:5261/api/v1/admin/typography:0
[   47839ms] [ERROR] Failed to load resource: net::ERR_INSUFFICIENT_RESOURCES @ http://localhost:5261/api/v1/admin/typography:0
[   47840ms] [ERROR] Failed to load resource: net::ERR_INSUFFICIENT_RESOURCES @ http://localhost:5261/api/v1/admin/typography:0
[   47840ms] [ERROR] Failed to load resource: net::ERR_INSUFFICIENT_RESOURCES @ http://localhost:5261/api/v1/admin/typography:0
[   47843ms] [ERROR] Failed to load resource: net::ERR_INSUFFICIENT_RESOURCES @ http://localhost:5261/api/v1/admin/typography:0
[   47843ms] [ERROR] Failed to load resource: net::ERR_INSUFFICIENT_RESOURCES @ http://localhost:5261/api/v1/admin/typography:0
[   47843ms] [ERROR] Failed to load resource: net::ERR_INSUFFICIENT_RESOURCES @ http://localhost:5261/api/v1/admin/typography:0
[   47843ms] [ERROR] Failed to load resource: net::ERR_INSUFFICIENT_RESOURCES @ http://localhost:5261/api/v1/admin/typography:0
[   47847ms] [ERROR] Failed to load resource: net::ERR_INSUFFICIENT_RESOURCES @ http://localhost:5261/api/v1/admin/typography:0
[   47847ms] [ERROR] Failed to load resource: net::ERR_INSUFFICIENT_RESOURCES @ http://localhost:5261/api/v1/admin/typography:0
[   47848ms] [ERROR] Failed to load resource: net::ERR_INSUFFICIENT_RESOURCES @ http://localhost:5261/api/v1/admin/typography:0
[   47848ms] [ERROR] Failed to load resource: net::ERR_INSUFFICIENT_RESOURCES @ http://localhost:5261/api/v1/admin/typography:0
[   47852ms] [ERROR] Failed to load resource: net::ERR_INSUFFICIENT_RESOURCES @ http://localhost:5261/api/v1/admin/typography:0
[   47852ms] [ERROR] Failed to load resource: net::ERR_INSUFFICIENT_RESOURCES @ http://localhost:5261/api/v1/admin/typography:0
[   47852ms] [ERROR] Failed to load resource: net::ERR_INSUFFICIENT_RESOURCES @ http://localhost:5261/api/v1/admin/typography:0
[   47856ms] [ERROR] Failed to load resource: net::ERR_INSUFFICIENT_RESOURCES @ http://localhost:5261/api/v1/admin/typography:0
[   47856ms] [ERROR] Failed to load resource: net::ERR_INSUFFICIENT_RESOURCES @ http://localhost:5261/api/v1/admin/typography:0
[   47856ms] [ERROR] Failed to load resource: net::ERR_INSUFFICIENT_RESOURCES @ http://localhost:5261/api/v1/admin/typography:0
[   47858ms] [ERROR] Failed to load resource: net::ERR_INSUFFICIENT_RESOURCES @ http://localhost:5261/api/v1/admin/typography:0
[   47859ms] [ERROR] Failed to load resource: net::ERR_INSUFFICIENT_RESOURCES @ http://localhost:5261/api/v1/admin/typography:0
[   47859ms] [ERROR] Failed to load resource: net::ERR_INSUFFICIENT_RESOURCES @ http://localhost:5261/api/v1/admin/typography:0
[   47859ms] [ERROR] Failed to load resource: net::ERR_INSUFFICIENT_RESOURCES @ http://localhost:5261/api/v1/admin/typography:0
[   47863ms] [ERROR] Failed to load resource: net::ERR_INSUFFICIENT_RESOURCES @ http://localhost:5261/api/v1/admin/typography:0
[   47863ms] [ERROR] Failed to load resource: net::ERR_INSUFFICIENT_RESOURCES @ http://localhost:5261/api/v1/admin/typography:0
[   47863ms] [ERROR] Failed to load resource: net::ERR_INSUFFICIENT_RESOURCES @ http://localhost:5261/api/v1/admin/typography:0
[   47869ms] [ERROR] Failed to load resource: net::ERR_INSUFFICIENT_RESOURCES @ http://localhost:5261/api/v1/admin/typography:0
[   47879ms] [ERROR] Failed to load resource: net::ERR_INSUFFICIENT_RESOURCES @ http://localhost:5261/api/v1/admin/typography:0
[   47885ms] [ERROR] Failed to load resource: net::ERR_INSUFFICIENT_RESOURCES @ http://localhost:5261/api/v1/admin/typography:0
[   47885ms] [ERROR] Failed to load resource: net::ERR_INSUFFICIENT_RESOURCES @ http://localhost:5261/api/v1/admin/typography:0
[   47885ms] [ERROR] Failed to load resource: net::ERR_INSUFFICIENT_RESOURCES @ http://localhost:5261/api/v1/admin/typography:0
[   47885ms] [ERROR] Failed to load resource: net::ERR_INSUFFICIENT_RESOURCES @ http://localhost:5261/api/v1/admin/typography:0
[   47888ms] [ERROR] Failed to load resource: net::ERR_INSUFFICIENT_RESOURCES @ http://localhost:5261/api/v1/admin/typography:0
[   47888ms] [ERROR] Failed to load resource: net::ERR_INSUFFICIENT_RESOURCES @ http://localhost:5261/api/v1/admin/typography:0
[   47893ms] [ERROR] Failed to load resource: net::ERR_INSUFFICIENT_RESOURCES @ http://localhost:5261/api/v1/admin/typography:0
[   47899ms] [ERROR] Failed to load resource: net::ERR_INSUFFICIENT_RESOURCES @ http://localhost:5261/api/v1/admin/typography:0
[   47899ms] [ERROR] Failed to load resource: net::ERR_INSUFFICIENT_RESOURCES @ http://localhost:5261/api/v1/admin/typography:0
[   47902ms] [ERROR] Failed to load resource: net::ERR_INSUFFICIENT_RESOURCES @ http://localhost:5261/api/v1/admin/typography:0
[   47906ms] [ERROR] Failed to load resource: net::ERR_INSUFFICIENT_RESOURCES @ http://localhost:5261/api/v1/admin/typography:0
[   47906ms] [ERROR] Failed to load resource: net::ERR_INSUFFICIENT_RESOURCES @ http://localhost:5261/api/v1/admin/typography:0
[   47906ms] [ERROR] Failed to load resource: net::ERR_INSUFFICIENT_RESOURCES @ http://localhost:5261/api/v1/admin/typography:0
[   47908ms] [ERROR] Failed to load resource: net::ERR_INSUFFICIENT_RESOURCES @ http://localhost:5261/api/v1/admin/typography:0
[   47908ms] [ERROR] Failed to load resource: net::ERR_INSUFFICIENT_RESOURCES @ http://localhost:5261/api/v1/admin/typography:0
[   47908ms] [ERROR] Failed to load resource: net::ERR_INSUFFICIENT_RESOURCES @ http://localhost:5261/api/v1/admin/typography:0
[   47912ms] [ERROR] Failed to load resource: net::ERR_INSUFFICIENT_RESOURCES @ http://localhost:5261/api/v1/admin/typography:0
[   47912ms] [ERROR] Failed to load resource: net::ERR_INSUFFICIENT_RESOURCES @ http://localhost:5261/api/v1/admin/typography:0
[   47915ms] [ERROR] Failed to load resource: net::ERR_INSUFFICIENT_RESOURCES @ http://localhost:5261/api/v1/admin/typography:0
[   47915ms] [ERROR] Failed to load resource: net::ERR_INSUFFICIENT_RESOURCES @ http://localhost:5261/api/v1/admin/typography:0
[   47915ms] [ERROR] Failed to load resource: net::ERR_INSUFFICIENT_RESOURCES @ http://localhost:5261/api/v1/admin/typography:0
[   47919ms] [ERROR] Failed to load resource: net::ERR_INSUFFICIENT_RESOURCES @ http://localhost:5261/api/v1/admin/typography:0
[   47919ms] [ERROR] Failed to load resource: net::ERR_INSUFFICIENT_RESOURCES @ http://localhost:5261/api/v1/admin/typography:0
[   47920ms] [ERROR] Failed to load resource: net::ERR_INSUFFICIENT_RESOURCES @ http://localhost:5261/api/v1/admin/typography:0
[   47920ms] [ERROR] Failed to load resource: net::ERR_INSUFFICIENT_RESOURCES @ http://localhost:5261/api/v1/admin/typography:0
[   47920ms] [ERROR] Failed to load resource: net::ERR_INSUFFICIENT_RESOURCES @ http://localhost:5261/api/v1/admin/typography:0
[   47921ms] [ERROR] Failed to load resource: net::ERR_INSUFFICIENT_RESOURCES @ http://localhost:5261/api/v1/admin/typography:0
[   47921ms] [ERROR] Failed to load resource: net::ERR_INSUFFICIENT_RESOURCES @ http://localhost:5261/api/v1/admin/typography:0
[   47927ms] [ERROR] Failed to load resource: net::ERR_INSUFFICIENT_RESOURCES @ http://localhost:5261/api/v1/admin/typography:0
[   47927ms] [ERROR] Failed to load resource: net::ERR_INSUFFICIENT_RESOURCES @ http://localhost:5261/api/v1/admin/typography:0
[   47927ms] [ERROR] Failed to load resource: net::ERR_INSUFFICIENT_RESOURCES @ http://localhost:5261/api/v1/admin/typography:0
[   47927ms] [ERROR] Failed to load resource: net::ERR_INSUFFICIENT_RESOURCES @ http://localhost:5261/api/v1/admin/typography:0
[   47931ms] [ERROR] Failed to load resource: net::ERR_INSUFFICIENT_RESOURCES @ http://localhost:5261/api/v1/admin/typography:0
[   47931ms] [ERROR] Failed to load resource: net::ERR_INSUFFICIENT_RESOURCES @ http://localhost:5261/api/v1/admin/typography:0
[   47934ms] [ERROR] Failed to load resource: net::ERR_INSUFFICIENT_RESOURCES @ http://localhost:5261/api/v1/admin/typography:0
[   47941ms] [ERROR] Failed to load resource: net::ERR_INSUFFICIENT_RESOURCES @ http://localhost:5261/api/v1/admin/typography:0
[   47942ms] [ERROR] Failed to load resource: net::ERR_INSUFFICIENT_RESOURCES @ http://localhost:5261/api/v1/admin/typography:0
[   47942ms] [ERROR] Failed to load resource: net::ERR_INSUFFICIENT_RESOURCES @ http://localhost:5261/api/v1/admin/typography:0
[   47944ms] [ERROR] Failed to load resource: net::ERR_INSUFFICIENT_RESOURCES @ http://localhost:5261/api/v1/admin/typography:0
[   47944ms] [ERROR] Failed to load resource: net::ERR_INSUFFICIENT_RESOURCES @ http://localhost:5261/api/v1/admin/typography:0
[   47945ms] [ERROR] Failed to load resource: net::ERR_INSUFFICIENT_RESOURCES @ http://localhost:5261/api/v1/admin/typography:0
[   47951ms] [ERROR] Failed to load resource: net::ERR_INSUFFICIENT_RESOURCES @ http://localhost:5261/api/v1/admin/typography:0
[   47951ms] [ERROR] Failed to load resource: net::ERR_INSUFFICIENT_RESOURCES @ http://localhost:5261/api/v1/admin/typography:0
[   47951ms] [ERROR] Failed to load resource: net::ERR_INSUFFICIENT_RESOURCES @ http://localhost:5261/api/v1/admin/typography:0
[   47951ms] [ERROR] Failed to load resource: net::ERR_INSUFFICIENT_RESOURCES @ http://localhost:5261/api/v1/admin/typography:0
[   47954ms] [ERROR] Failed to load resource: net::ERR_INSUFFICIENT_RESOURCES @ http://localhost:5261/api/v1/admin/typography:0
[   47954ms] [ERROR] Failed to load resource: net::ERR_INSUFFICIENT_RESOURCES @ http://localhost:5261/api/v1/admin/typography:0
[   47954ms] [ERROR] Failed to load resource: net::ERR_INSUFFICIENT_RESOURCES @ http://localhost:5261/api/v1/admin/typography:0
[   47954ms] [ERROR] Failed to load resource: net::ERR_INSUFFICIENT_RESOURCES @ http://localhost:5261/api/v1/admin/typography:0
[   47959ms] [ERROR] Failed to load resource: net::ERR_INSUFFICIENT_RESOURCES @ http://localhost:5261/api/v1/admin/typography:0
[   47960ms] [ERROR] Failed to load resource: net::ERR_INSUFFICIENT_RESOURCES @ http://localhost:5261/api/v1/admin/typography:0
[   47963ms] [ERROR] Failed to load resource: net::ERR_INSUFFICIENT_RESOURCES @ http://localhost:5261/api/v1/admin/typography:0
[   47967ms] [ERROR] Failed to load resource: net::ERR_INSUFFICIENT_RESOURCES @ http://localhost:5261/api/v1/admin/typography:0
[   47968ms] [ERROR] Failed to load resource: net::ERR_INSUFFICIENT_RESOURCES @ http://localhost:5261/api/v1/admin/typography:0
[   47968ms] [ERROR] Failed to load resource: net::ERR_INSUFFICIENT_RESOURCES @ http://localhost:5261/api/v1/admin/typography:0
[   47970ms] [ERROR] Failed to load resource: net::ERR_INSUFFICIENT_RESOURCES @ http://localhost:5261/api/v1/admin/typography:0
[   47970ms] [ERROR] Maximum update depth exceeded. This can happen when a component calls setState inside useEffect, but useEffect either doesn't have a dependency array, or one of the dependencies changes on every render. @ http://localhost:3000/_next/static/chunks/node_modules_next_dist_1e8vcs8._.js:1052
[   47970ms] [ERROR] Failed to load resource: net::ERR_INSUFFICIENT_RESOURCES @ http://localhost:5261/api/v1/admin/typography:0
[   47970ms] [ERROR] Failed to load resource: net::ERR_INSUFFICIENT_RESOURCES @ http://localhost:5261/api/v1/admin/typography:0
[   47970ms] [ERROR] Failed to load resource: net::ERR_INSUFFICIENT_RESOURCES @ http://localhost:5261/api/v1/admin/typography:0
[   47972ms] [ERROR] Failed to load resource: net::ERR_INSUFFICIENT_RESOURCES @ http://localhost:5261/api/v1/admin/typography:0
[   47975ms] [ERROR] Failed to load resource: net::ERR_INSUFFICIENT_RESOURCES @ http://localhost:5261/api/v1/admin/typography:0
[   47977ms] [ERROR] Failed to load resource: net::ERR_INSUFFICIENT_RESOURCES @ http://localhost:5261/api/v1/admin/typography:0
[   47977ms] [ERROR] Failed to load resource: net::ERR_INSUFFICIENT_RESOURCES @ http://localhost:5261/api/v1/admin/typography:0
[   47977ms] [ERROR] Failed to load resource: net::ERR_INSUFFICIENT_RESOURCES @ http://localhost:5261/api/v1/admin/typography:0
[   47983ms] [ERROR] Failed to load resource: net::ERR_INSUFFICIENT_RESOURCES @ http://localhost:5261/api/v1/admin/typography:0
[   47983ms] [ERROR] Failed to load resource: net::ERR_INSUFFICIENT_RESOURCES @ http://localhost:5261/api/v1/admin/typography:0
[   47983ms] [ERROR] Failed to load resource: net::ERR_INSUFFICIENT_RESOURCES @ http://localhost:5261/api/v1/admin/typography:0
[   47987ms] [ERROR] Failed to load resource: net::ERR_INSUFFICIENT_RESOURCES @ http://localhost:5261/api/v1/admin/typography:0
[   47987ms] [ERROR] Failed to load resource: net::ERR_INSUFFICIENT_RESOURCES @ http://localhost:5261/api/v1/admin/typography:0
[   47987ms] [ERROR] Failed to load resource: net::ERR_INSUFFICIENT_RESOURCES @ http://localhost:5261/api/v1/admin/typography:0
[   47991ms] [ERROR] Failed to load resource: net::ERR_INSUFFICIENT_RESOURCES @ http://localhost:5261/api/v1/admin/typography:0
[   47991ms] [ERROR] Failed to load resource: net::ERR_INSUFFICIENT_RESOURCES @ http://localhost:5261/api/v1/admin/typography:0
[   47994ms] [ERROR] Failed to load resource: net::ERR_INSUFFICIENT_RESOURCES @ http://localhost:5261/api/v1/admin/typography:0
[   47994ms] [ERROR] Failed to load resource: net::ERR_INSUFFICIENT_RESOURCES @ http://localhost:5261/api/v1/admin/typography:0
[   47994ms] [ERROR] Failed to load resource: net::ERR_INSUFFICIENT_RESOURCES @ http://localhost:5261/api/v1/admin/typography:0
[   47994ms] [ERROR] Failed to load resource: net::ERR_INSUFFICIENT_RESOURCES @ http://localhost:5261/api/v1/admin/typography:0
[   47994ms] [ERROR] Failed to load resource: net::ERR_INSUFFICIENT_RESOURCES @ http://localhost:5261/api/v1/admin/typography:0
[   47994ms] [ERROR] Failed to load resource: net::ERR_INSUFFICIENT_RESOURCES @ http://localhost:5261/api/v1/admin/typography:0
[   48001ms] [ERROR] Failed to load resource: net::ERR_INSUFFICIENT_RESOURCES @ http://localhost:5261/api/v1/admin/typography:0
[   48001ms] [ERROR] Failed to load resource: net::ERR_INSUFFICIENT_RESOURCES @ http://localhost:5261/api/v1/admin/typography:0
[   48001ms] [ERROR] Failed to load resource: net::ERR_INSUFFICIENT_RESOURCES @ http://localhost:5261/api/v1/admin/typography:0
[   48001ms] [ERROR] Failed to load resource: net::ERR_INSUFFICIENT_RESOURCES @ http://localhost:5261/api/v1/admin/typography:0
[   48004ms] [ERROR] Failed to load resource: net::ERR_INSUFFICIENT_RESOURCES @ http://localhost:5261/api/v1/admin/typography:0
[   48004ms] [ERROR] Failed to load resource: net::ERR_INSUFFICIENT_RESOURCES @ http://localhost:5261/api/v1/admin/typography:0
[   48004ms] [ERROR] Failed to load resource: net::ERR_INSUFFICIENT_RESOURCES @ http://localhost:5261/api/v1/admin/typography:0
[   48004ms] [ERROR] Failed to load resource: net::ERR_INSUFFICIENT_RESOURCES @ http://localhost:5261/api/v1/admin/typography:0
[   48007ms] [ERROR] Failed to load resource: net::ERR_INSUFFICIENT_RESOURCES @ http://localhost:5261/api/v1/admin/typography:0
[   48007ms] [ERROR] Failed to load resource: net::ERR_INSUFFICIENT_RESOURCES @ http://localhost:5261/api/v1/admin/typography:0
[   48007ms] [ERROR] Failed to load resource: net::ERR_INSUFFICIENT_RESOURCES @ http://localhost:5261/api/v1/admin/typography:0
[   48010ms] [ERROR] Failed to load resource: net::ERR_INSUFFICIENT_RESOURCES @ http://localhost:5261/api/v1/admin/typography:0
[   48010ms] [ERROR] Failed to load resource: net::ERR_INSUFFICIENT_RESOURCES @ http://localhost:5261/api/v1/admin/typography:0
[   48010ms] [ERROR] Failed to load resource: net::ERR_INSUFFICIENT_RESOURCES @ http://localhost:5261/api/v1/admin/typography:0
[   48010ms] [ERROR] Failed to load resource: net::ERR_INSUFFICIENT_RESOURCES @ http://localhost:5261/api/v1/admin/typography:0
[   48013ms] [ERROR] Failed to load resource: net::ERR_INSUFFICIENT_RESOURCES @ http://localhost:5261/api/v1/admin/typography:0
[   48013ms] [ERROR] Failed to load resource: net::ERR_INSUFFICIENT_RESOURCES @ http://localhost:5261/api/v1/admin/typography:0
[   48014ms] [ERROR] Failed to load resource: net::ERR_INSUFFICIENT_RESOURCES @ http://localhost:5261/api/v1/admin/typography:0
[   48018ms] [ERROR] Failed to load resource: net::ERR_INSUFFICIENT_RESOURCES @ http://localhost:5261/api/v1/admin/typography:0
[   48019ms] [ERROR] Failed to load resource: net::ERR_INSUFFICIENT_RESOURCES @ http://localhost:5261/api/v1/admin/typography:0
[   48019ms] [ERROR] Failed to load resource: net::ERR_INSUFFICIENT_RESOURCES @ http://localhost:5261/api/v1/admin/typography:0
[   48019ms] [ERROR] Failed to load resource: net::ERR_INSUFFICIENT_RESOURCES @ http://localhost:5261/api/v1/admin/typography:0
[   48027ms] [ERROR] Failed to load resource: net::ERR_INSUFFICIENT_RESOURCES @ http://localhost:5261/api/v1/admin/typography:0
[   48027ms] [ERROR] Failed to load resource: net::ERR_INSUFFICIENT_RESOURCES @ http://localhost:5261/api/v1/admin/typography:0
[   48030ms] [ERROR] Failed to load resource: net::ERR_INSUFFICIENT_RESOURCES @ http://localhost:5261/api/v1/admin/typography:0
[   48032ms] [ERROR] Failed to load resource: net::ERR_INSUFFICIENT_RESOURCES @ http://localhost:5261/api/v1/admin/typography:0
[   48032ms] [ERROR] Failed to load resource: net::ERR_INSUFFICIENT_RESOURCES @ http://localhost:5261/api/v1/admin/typography:0
[   48034ms] [ERROR] Failed to load resource: net::ERR_INSUFFICIENT_RESOURCES @ http://localhost:5261/api/v1/admin/typography:0
[   48034ms] [ERROR] Failed to load resource: net::ERR_INSUFFICIENT_RESOURCES @ http://localhost:5261/api/v1/admin/typography:0
[   48034ms] [ERROR] Failed to load resource: net::ERR_INSUFFICIENT_RESOURCES @ http://localhost:5261/api/v1/admin/typography:0
[   48034ms] [ERROR] Failed to load resource: net::ERR_INSUFFICIENT_RESOURCES @ http://localhost:5261/api/v1/admin/typography:0
[   48037ms] [ERROR] Failed to load resource: net::ERR_INSUFFICIENT_RESOURCES @ http://localhost:5261/api/v1/admin/typography:0
[   48038ms] [ERROR] Failed to load resource: net::ERR_INSUFFICIENT_RESOURCES @ http://localhost:5261/api/v1/admin/typography:0
[   48040ms] [ERROR] Failed to load resource: net::ERR_INSUFFICIENT_RESOURCES @ http://localhost:5261/api/v1/admin/typography:0
[   48041ms] [ERROR] Failed to load resource: net::ERR_INSUFFICIENT_RESOURCES @ http://localhost:5261/api/v1/admin/typography:0
[   48041ms] [ERROR] Failed to load resource: net::ERR_INSUFFICIENT_RESOURCES @ http://localhost:5261/api/v1/admin/typography:0
[   48043ms] [ERROR] Failed to load resource: net::ERR_INSUFFICIENT_RESOURCES @ http://localhost:5261/api/v1/admin/typography:0
[   48044ms] [ERROR] Failed to load resource: net::ERR_INSUFFICIENT_RESOURCES @ http://localhost:5261/api/v1/admin/typography:0
[   48044ms] [ERROR] Failed to load resource: net::ERR_INSUFFICIENT_RESOURCES @ http://localhost:5261/api/v1/admin/typography:0
[   48044ms] [ERROR] Failed to load resource: net::ERR_INSUFFICIENT_RESOURCES @ http://localhost:5261/api/v1/admin/typography:0
[   48044ms] [ERROR] Failed to load resource: net::ERR_INSUFFICIENT_RESOURCES @ http://localhost:5261/api/v1/admin/typography:0
[   48047ms] [ERROR] Failed to load resource: net::ERR_INSUFFICIENT_RESOURCES @ http://localhost:5261/api/v1/admin/typography:0
[   48051ms] [ERROR] Failed to load resource: net::ERR_INSUFFICIENT_RESOURCES @ http://localhost:5261/api/v1/admin/typography:0
[   48051ms] [ERROR] Failed to load resource: net::ERR_INSUFFICIENT_RESOURCES @ http://localhost:5261/api/v1/admin/typography:0
[   48053ms] [ERROR] Failed to load resource: net::ERR_INSUFFICIENT_RESOURCES @ http://localhost:5261/api/v1/admin/typography:0
[   48054ms] [ERROR] Failed to load resource: net::ERR_INSUFFICIENT_RESOURCES @ http://localhost:5261/api/v1/admin/typography:0
[   48056ms] [ERROR] Failed to load resource: net::ERR_INSUFFICIENT_RESOURCES @ http://localhost:5261/api/v1/admin/typography:0
[   48056ms] [ERROR] Failed to load resource: net::ERR_INSUFFICIENT_RESOURCES @ http://localhost:5261/api/v1/admin/typography:0
[   48057ms] [ERROR] Failed to load resource: net::ERR_INSUFFICIENT_RESOURCES @ http://localhost:5261/api/v1/admin/typography:0
[   48061ms] [ERROR] Failed to load resource: net::ERR_INSUFFICIENT_RESOURCES @ http://localhost:5261/api/v1/admin/typography:0
[   48061ms] [ERROR] Failed to load resource: net::ERR_INSUFFICIENT_RESOURCES @ http://localhost:5261/api/v1/admin/typography:0
[   48061ms] [ERROR] Failed to load resource: net::ERR_INSUFFICIENT_RESOURCES @ http://localhost:5261/api/v1/admin/typography:0
[   48061ms] [ERROR] Failed to load resource: net::ERR_INSUFFICIENT_RESOURCES @ http://localhost:5261/api/v1/admin/typography:0
[   48064ms] [ERROR] Failed to load resource: net::ERR_INSUFFICIENT_RESOURCES @ http://localhost:5261/api/v1/admin/typography:0
[   48064ms] [ERROR] Failed to load resource: net::ERR_INSUFFICIENT_RESOURCES @ http://localhost:5261/api/v1/admin/typography:0
[   48064ms] [ERROR] Failed to load resource: net::ERR_INSUFFICIENT_RESOURCES @ http://localhost:5261/api/v1/admin/typography:0
[   48067ms] [ERROR] Failed to load resource: net::ERR_INSUFFICIENT_RESOURCES @ http://localhost:5261/api/v1/admin/typography:0
[   48069ms] [ERROR] Failed to load resource: net::ERR_INSUFFICIENT_RESOURCES @ http://localhost:5261/api/v1/admin/typography:0
[   48070ms] [ERROR] Failed to load resource: net::ERR_INSUFFICIENT_RESOURCES @ http://localhost:5261/api/v1/admin/typography:0
[   48071ms] [ERROR] Failed to load resource: net::ERR_INSUFFICIENT_RESOURCES @ http://localhost:5261/api/v1/admin/typography:0
[   48072ms] [ERROR] Failed to load resource: net::ERR_INSUFFICIENT_RESOURCES @ http://localhost:5261/api/v1/admin/typography:0
[   48074ms] [ERROR] Failed to load resource: net::ERR_INSUFFICIENT_RESOURCES @ http://localhost:5261/api/v1/admin/typography:0
[   48074ms] [ERROR] Failed to load resource: net::ERR_INSUFFICIENT_RESOURCES @ http://localhost:5261/api/v1/admin/typography:0
[   48074ms] [ERROR] Failed to load resource: net::ERR_INSUFFICIENT_RESOURCES @ http://localhost:5261/api/v1/admin/typography:0
[   48076ms] [ERROR] Failed to load resource: net::ERR_INSUFFICIENT_RESOURCES @ http://localhost:5261/api/v1/admin/typography:0
[   48076ms] [ERROR] Failed to load resource: net::ERR_INSUFFICIENT_RESOURCES @ http://localhost:5261/api/v1/admin/typography:0
[   48076ms] [ERROR] Failed to load resource: net::ERR_INSUFFICIENT_RESOURCES @ http://localhost:5261/api/v1/admin/typography:0
[   48079ms] [ERROR] Failed to load resource: net::ERR_INSUFFICIENT_RESOURCES @ http://localhost:5261/api/v1/admin/typography:0
[   48079ms] [ERROR] Failed to load resource: net::ERR_INSUFFICIENT_RESOURCES @ http://localhost:5261/api/v1/admin/typography:0
[   48082ms] [ERROR] Failed to load resource: net::ERR_INSUFFICIENT_RESOURCES @ http://localhost:5261/api/v1/admin/typography:0
[   48082ms] [ERROR] Failed to load resource: net::ERR_INSUFFICIENT_RESOURCES @ http://localhost:5261/api/v1/admin/typography:0
[   48086ms] [ERROR] Failed to load resource: net::ERR_INSUFFICIENT_RESOURCES @ http://localhost:5261/api/v1/admin/typography:0
[   48089ms] [ERROR] Failed to load resource: net::ERR_INSUFFICIENT_RESOURCES @ http://localhost:5261/api/v1/admin/typography:0
[   48090ms] [ERROR] Failed to load resource: net::ERR_INSUFFICIENT_RESOURCES @ http://localhost:5261/api/v1/admin/typography:0
[   48101ms] [ERROR] Failed to load resource: net::ERR_INSUFFICIENT_RESOURCES @ http://localhost:5261/api/v1/admin/typography:0
[   48101ms] [ERROR] Failed to load resource: net::ERR_INSUFFICIENT_RESOURCES @ http://localhost:5261/api/v1/admin/typography:0
[   48101ms] [ERROR] Failed to load resource: net::ERR_INSUFFICIENT_RESOURCES @ http://localhost:5261/api/v1/admin/typography:0
[   48106ms] [ERROR] Failed to load resource: net::ERR_INSUFFICIENT_RESOURCES @ http://localhost:5261/api/v1/admin/typography:0
[   48107ms] [ERROR] Failed to load resource: net::ERR_INSUFFICIENT_RESOURCES @ http://localhost:5261/api/v1/admin/typography:0
[   48107ms] [ERROR] Failed to load resource: net::ERR_INSUFFICIENT_RESOURCES @ http://localhost:5261/api/v1/admin/typography:0
[   48107ms] [ERROR] Failed to load resource: net::ERR_INSUFFICIENT_RESOURCES @ http://localhost:5261/api/v1/admin/typography:0
[   48107ms] [ERROR] Failed to load resource: net::ERR_INSUFFICIENT_RESOURCES @ http://localhost:5261/api/v1/admin/typography:0
[   48107ms] [ERROR] Failed to load resource: net::ERR_INSUFFICIENT_RESOURCES @ http://localhost:5261/api/v1/admin/typography:0
[   48107ms] [ERROR] Failed to load resource: net::ERR_INSUFFICIENT_RESOURCES @ http://localhost:5261/api/v1/admin/typography:0
[   48110ms] [ERROR] Failed to load resource: net::ERR_INSUFFICIENT_RESOURCES @ http://localhost:5261/api/v1/admin/typography:0
[   48110ms] [ERROR] Maximum update depth exceeded. This can happen when a component calls setState inside useEffect, but useEffect either doesn't have a dependency array, or one of the dependencies changes on every render. @ http://localhost:3000/_next/static/chunks/node_modules_next_dist_1e8vcs8._.js:1052
[   48113ms] [ERROR] Failed to load resource: net::ERR_INSUFFICIENT_RESOURCES @ http://localhost:5261/api/v1/admin/typography:0
[   48113ms] [ERROR] Failed to load resource: net::ERR_INSUFFICIENT_RESOURCES @ http://localhost:5261/api/v1/admin/typography:0
[   48113ms] [ERROR] Failed to load resource: net::ERR_INSUFFICIENT_RESOURCES @ http://localhost:5261/api/v1/admin/typography:0
[   48113ms] [ERROR] Failed to load resource: net::ERR_INSUFFICIENT_RESOURCES @ http://localhost:5261/api/v1/admin/typography:0
[   48113ms] [ERROR] Failed to load resource: net::ERR_INSUFFICIENT_RESOURCES @ http://localhost:5261/api/v1/admin/typography:0
[   48114ms] [ERROR] Failed to load resource: net::ERR_INSUFFICIENT_RESOURCES @ http://localhost:5261/api/v1/admin/typography:0
[   48117ms] [ERROR] Failed to load resource: net::ERR_INSUFFICIENT_RESOURCES @ http://localhost:5261/api/v1/admin/typography:0
[   48117ms] [ERROR] Failed to load resource: net::ERR_INSUFFICIENT_RESOURCES @ http://localhost:5261/api/v1/admin/typography:0
[   48117ms] [ERROR] Failed to load resource: net::ERR_INSUFFICIENT_RESOURCES @ http://localhost:5261/api/v1/admin/typography:0
[   48117ms] [ERROR] Failed to load resource: net::ERR_INSUFFICIENT_RESOURCES @ http://localhost:5261/api/v1/admin/typography:0
[   48120ms] [ERROR] Failed to load resource: net::ERR_INSUFFICIENT_RESOURCES @ http://localhost:5261/api/v1/admin/typography:0
[   48120ms] [ERROR] Failed to load resource: net::ERR_INSUFFICIENT_RESOURCES @ http://localhost:5261/api/v1/admin/typography:0
[   48124ms] [ERROR] Failed to load resource: net::ERR_INSUFFICIENT_RESOURCES @ http://localhost:5261/api/v1/admin/typography:0
[   48124ms] [ERROR] Failed to load resource: net::ERR_INSUFFICIENT_RESOURCES @ http://localhost:5261/api/v1/admin/typography:0
[   48124ms] [ERROR] Failed to load resource: net::ERR_INSUFFICIENT_RESOURCES @ http://localhost:5261/api/v1/admin/typography:0
[   48124ms] [ERROR] Failed to load resource: net::ERR_INSUFFICIENT_RESOURCES @ http://localhost:5261/api/v1/admin/typography:0
[   48124ms] [ERROR] Failed to load resource: net::ERR_INSUFFICIENT_RESOURCES @ http://localhost:5261/api/v1/admin/typography:0
[   48128ms] [ERROR] Failed to load resource: net::ERR_INSUFFICIENT_RESOURCES @ http://localhost:5261/api/v1/admin/typography:0
[   48131ms] [ERROR] Failed to load resource: net::ERR_INSUFFICIENT_RESOURCES @ http://localhost:5261/api/v1/admin/typography:0
[   48131ms] [ERROR] Failed to load resource: net::ERR_INSUFFICIENT_RESOURCES @ http://localhost:5261/api/v1/admin/typography:0
[   48131ms] [ERROR] Failed to load resource: net::ERR_INSUFFICIENT_RESOURCES @ http://localhost:5261/api/v1/admin/typography:0
[   48132ms] [ERROR] Failed to load resource: net::ERR_INSUFFICIENT_RESOURCES @ http://localhost:5261/api/v1/admin/typography:0
[   48132ms] [ERROR] Failed to load resource: net::ERR_INSUFFICIENT_RESOURCES @ http://localhost:5261/api/v1/admin/typography:0
[   48135ms] [ERROR] Failed to load resource: net::ERR_INSUFFICIENT_RESOURCES @ http://localhost:5261/api/v1/admin/typography:0
[   48136ms] [ERROR] Failed to load resource: net::ERR_INSUFFICIENT_RESOURCES @ http://localhost:5261/api/v1/admin/typography:0
[   48141ms] [ERROR] Failed to load resource: net::ERR_INSUFFICIENT_RESOURCES @ http://localhost:5261/api/v1/admin/typography:0
[   48141ms] [ERROR] Failed to load resource: net::ERR_INSUFFICIENT_RESOURCES @ http://localhost:5261/api/v1/admin/typography:0
[   48141ms] [ERROR] Failed to load resource: net::ERR_INSUFFICIENT_RESOURCES @ http://localhost:5261/api/v1/admin/typography:0
[   48143ms] [ERROR] Failed to load resource: net::ERR_INSUFFICIENT_RESOURCES @ http://localhost:5261/api/v1/admin/typography:0
[   48143ms] [ERROR] Failed to load resource: net::ERR_INSUFFICIENT_RESOURCES @ http://localhost:5261/api/v1/admin/typography:0
[   48146ms] [ERROR] Failed to load resource: net::ERR_INSUFFICIENT_RESOURCES @ http://localhost:5261/api/v1/admin/typography:0
[   48146ms] [ERROR] Failed to load resource: net::ERR_INSUFFICIENT_RESOURCES @ http://localhost:5261/api/v1/admin/typography:0
[   48146ms] [ERROR] Failed to load resource: net::ERR_INSUFFICIENT_RESOURCES @ http://localhost:5261/api/v1/admin/typography:0
[   48151ms] [ERROR] Failed to load resource: net::ERR_INSUFFICIENT_RESOURCES @ http://localhost:5261/api/v1/admin/typography:0
[   48156ms] [ERROR] Failed to load resource: net::ERR_INSUFFICIENT_RESOURCES @ http://localhost:5261/api/v1/admin/typography:0
[   48156ms] [ERROR] Failed to load resource: net::ERR_INSUFFICIENT_RESOURCES @ http://localhost:5261/api/v1/admin/typography:0
[   48159ms] [ERROR] Failed to load resource: net::ERR_INSUFFICIENT_RESOURCES @ http://localhost:5261/api/v1/admin/typography:0
[   48159ms] [ERROR] Failed to load resource: net::ERR_INSUFFICIENT_RESOURCES @ http://localhost:5261/api/v1/admin/typography:0
[   48159ms] [ERROR] Failed to load resource: net::ERR_INSUFFICIENT_RESOURCES @ http://localhost:5261/api/v1/admin/typography:0
[   48160ms] [ERROR] Failed to load resource: net::ERR_INSUFFICIENT_RESOURCES @ http://localhost:5261/api/v1/admin/typography:0
[   48160ms] [ERROR] Failed to load resource: net::ERR_INSUFFICIENT_RESOURCES @ http://localhost:5261/api/v1/admin/typography:0
[   48165ms] [ERROR] Failed to load resource: net::ERR_INSUFFICIENT_RESOURCES @ http://localhost:5261/api/v1/admin/typography:0
[   48165ms] [ERROR] Failed to load resource: net::ERR_INSUFFICIENT_RESOURCES @ http://localhost:5261/api/v1/admin/typography:0
[   48165ms] [ERROR] Failed to load resource: net::ERR_INSUFFICIENT_RESOURCES @ http://localhost:5261/api/v1/admin/typography:0
[   48165ms] [ERROR] Failed to load resource: net::ERR_INSUFFICIENT_RESOURCES @ http://localhost:5261/api/v1/admin/typography:0
[   48170ms] [ERROR] Failed to load resource: net::ERR_INSUFFICIENT_RESOURCES @ http://localhost:5261/api/v1/admin/typography:0
[   48171ms] [ERROR] Failed to load resource: net::ERR_INSUFFICIENT_RESOURCES @ http://localhost:5261/api/v1/admin/typography:0
[   48171ms] [ERROR] Failed to load resource: net::ERR_INSUFFICIENT_RESOURCES @ http://localhost:5261/api/v1/admin/typography:0
[   48171ms] [ERROR] Failed to load resource: net::ERR_INSUFFICIENT_RESOURCES @ http://localhost:5261/api/v1/admin/typography:0
[   48173ms] [ERROR] Failed to load resource: net::ERR_INSUFFICIENT_RESOURCES @ http://localhost:5261/api/v1/admin/typography:0
[   48176ms] [ERROR] Failed to load resource: net::ERR_INSUFFICIENT_RESOURCES @ http://localhost:5261/api/v1/admin/typography:0
[   48176ms] [ERROR] Failed to load resource: net::ERR_INSUFFICIENT_RESOURCES @ http://localhost:5261/api/v1/admin/typography:0
[   48176ms] [ERROR] Failed to load resource: net::ERR_INSUFFICIENT_RESOURCES @ http://localhost:5261/api/v1/admin/typography:0
[   48176ms] [ERROR] Failed to load resource: net::ERR_INSUFFICIENT_RESOURCES @ http://localhost:5261/api/v1/admin/typography:0
[   48176ms] [ERROR] Failed to load resource: net::ERR_INSUFFICIENT_RESOURCES @ http://localhost:5261/api/v1/admin/typography:0
[   48179ms] [ERROR] Failed to load resource: net::ERR_INSUFFICIENT_RESOURCES @ http://localhost:5261/api/v1/admin/typography:0
[   48179ms] [ERROR] Failed to load resource: net::ERR_INSUFFICIENT_RESOURCES @ http://localhost:5261/api/v1/admin/typography:0
[   48186ms] [ERROR] Failed to load resource: net::ERR_INSUFFICIENT_RESOURCES @ http://localhost:5261/api/v1/admin/typography:0
[   48186ms] [ERROR] Failed to load resource: net::ERR_INSUFFICIENT_RESOURCES @ http://localhost:5261/api/v1/admin/typography:0
[   48190ms] [ERROR] Failed to load resource: net::ERR_INSUFFICIENT_RESOURCES @ http://localhost:5261/api/v1/admin/typography:0
[   48193ms] [ERROR] Failed to load resource: net::ERR_INSUFFICIENT_RESOURCES @ http://localhost:5261/api/v1/admin/typography:0
[   48194ms] [ERROR] Failed to load resource: net::ERR_INSUFFICIENT_RESOURCES @ http://localhost:5261/api/v1/admin/typography:0
[   48198ms] [ERROR] Failed to load resource: net::ERR_INSUFFICIENT_RESOURCES @ http://localhost:5261/api/v1/admin/typography:0
[   48198ms] [ERROR] Failed to load resource: net::ERR_INSUFFICIENT_RESOURCES @ http://localhost:5261/api/v1/admin/typography:0
[   48198ms] [ERROR] Failed to load resource: net::ERR_INSUFFICIENT_RESOURCES @ http://localhost:5261/api/v1/admin/typography:0
[   48198ms] [ERROR] Failed to load resource: net::ERR_INSUFFICIENT_RESOURCES @ http://localhost:5261/api/v1/admin/typography:0
[   48201ms] [ERROR] Failed to load resource: net::ERR_INSUFFICIENT_RESOURCES @ http://localhost:5261/api/v1/admin/typography:0
[   48202ms] [ERROR] Failed to load resource: net::ERR_INSUFFICIENT_RESOURCES @ http://localhost:5261/api/v1/admin/typography:0
[   48202ms] [ERROR] Failed to load resource: net::ERR_INSUFFICIENT_RESOURCES @ http://localhost:5261/api/v1/admin/typography:0
[   48202ms] [ERROR] Failed to load resource: net::ERR_INSUFFICIENT_RESOURCES @ http://localhost:5261/api/v1/admin/typography:0
[   48206ms] [ERROR] Failed to load resource: net::ERR_INSUFFICIENT_RESOURCES @ http://localhost:5261/api/v1/admin/typography:0
[   48206ms] [ERROR] Failed to load resource: net::ERR_INSUFFICIENT_RESOURCES @ http://localhost:5261/api/v1/admin/typography:0
[   48206ms] [ERROR] Failed to load resource: net::ERR_INSUFFICIENT_RESOURCES @ http://localhost:5261/api/v1/admin/typography:0
[   48206ms] [ERROR] Failed to load resource: net::ERR_INSUFFICIENT_RESOURCES @ http://localhost:5261/api/v1/admin/typography:0
[   48209ms] [ERROR] Failed to load resource: net::ERR_INSUFFICIENT_RESOURCES @ http://localhost:5261/api/v1/admin/typography:0
[   48209ms] [ERROR] Failed to load resource: net::ERR_INSUFFICIENT_RESOURCES @ http://localhost:5261/api/v1/admin/typography:0
[   48209ms] [ERROR] Failed to load resource: net::ERR_INSUFFICIENT_RESOURCES @ http://localhost:5261/api/v1/admin/typography:0
[   48209ms] [ERROR] Failed to load resource: net::ERR_INSUFFICIENT_RESOURCES @ http://localhost:5261/api/v1/admin/typography:0
[   48213ms] [ERROR] Failed to load resource: net::ERR_INSUFFICIENT_RESOURCES @ http://localhost:5261/api/v1/admin/typography:0
[   48214ms] [ERROR] Failed to load resource: net::ERR_INSUFFICIENT_RESOURCES @ http://localhost:5261/api/v1/admin/typography:0
[   48214ms] [ERROR] Failed to load resource: net::ERR_INSUFFICIENT_RESOURCES @ http://localhost:5261/api/v1/admin/typography:0
[   48214ms] [ERROR] Failed to load resource: net::ERR_INSUFFICIENT_RESOURCES @ http://localhost:5261/api/v1/admin/typography:0
[   48220ms] [ERROR] Failed to load resource: net::ERR_INSUFFICIENT_RESOURCES @ http://localhost:5261/api/v1/admin/typography:0
[   48221ms] [ERROR] Failed to load resource: net::ERR_INSUFFICIENT_RESOURCES @ http://localhost:5261/api/v1/admin/typography:0
[   48221ms] [ERROR] Failed to load resource: net::ERR_INSUFFICIENT_RESOURCES @ http://localhost:5261/api/v1/admin/typography:0
[   48221ms] [ERROR] Failed to load resource: net::ERR_INSUFFICIENT_RESOURCES @ http://localhost:5261/api/v1/admin/typography:0
[   48226ms] [ERROR] Failed to load resource: net::ERR_INSUFFICIENT_RESOURCES @ http://localhost:5261/api/v1/admin/typography:0
[   48226ms] [ERROR] Failed to load resource: net::ERR_INSUFFICIENT_RESOURCES @ http://localhost:5261/api/v1/admin/typography:0
[   48226ms] [ERROR] Failed to load resource: net::ERR_INSUFFICIENT_RESOURCES @ http://localhost:5261/api/v1/admin/typography:0
[   48226ms] [ERROR] Failed to load resource: net::ERR_INSUFFICIENT_RESOURCES @ http://localhost:5261/api/v1/admin/typography:0
[   48231ms] [ERROR] Failed to load resource: net::ERR_INSUFFICIENT_RESOURCES @ http://localhost:5261/api/v1/admin/typography:0
[   48231ms] [ERROR] Failed to load resource: net::ERR_INSUFFICIENT_RESOURCES @ http://localhost:5261/api/v1/admin/typography:0
[   48231ms] [ERROR] Failed to load resource: net::ERR_INSUFFICIENT_RESOURCES @ http://localhost:5261/api/v1/admin/typography:0
[   48231ms] [ERROR] Failed to load resource: net::ERR_INSUFFICIENT_RESOURCES @ http://localhost:5261/api/v1/admin/typography:0
[   48235ms] [ERROR] Failed to load resource: net::ERR_INSUFFICIENT_RESOURCES @ http://localhost:5261/api/v1/admin/typography:0
[   48235ms] [ERROR] Failed to load resource: net::ERR_INSUFFICIENT_RESOURCES @ http://localhost:5261/api/v1/admin/typography:0
[   48235ms] [ERROR] Failed to load resource: net::ERR_INSUFFICIENT_RESOURCES @ http://localhost:5261/api/v1/admin/typography:0
[   48239ms] [ERROR] Failed to load resource: net::ERR_INSUFFICIENT_RESOURCES @ http://localhost:5261/api/v1/admin/typography:0
[   48239ms] [ERROR] Failed to load resource: net::ERR_INSUFFICIENT_RESOURCES @ http://localhost:5261/api/v1/admin/typography:0
[   48241ms] [ERROR] Failed to load resource: net::ERR_INSUFFICIENT_RESOURCES @ http://localhost:5261/api/v1/admin/typography:0
[   48241ms] [ERROR] Failed to load resource: net::ERR_INSUFFICIENT_RESOURCES @ http://localhost:5261/api/v1/admin/typography:0
[   48241ms] [ERROR] Failed to load resource: net::ERR_INSUFFICIENT_RESOURCES @ http://localhost:5261/api/v1/admin/typography:0
[   48241ms] [ERROR] Failed to load resource: net::ERR_INSUFFICIENT_RESOURCES @ http://localhost:5261/api/v1/admin/typography:0
[   48243ms] [ERROR] Failed to load resource: net::ERR_INSUFFICIENT_RESOURCES @ http://localhost:5261/api/v1/admin/typography:0
[   48243ms] [ERROR] Failed to load resource: net::ERR_INSUFFICIENT_RESOURCES @ http://localhost:5261/api/v1/admin/typography:0
[   48246ms] [ERROR] Failed to load resource: net::ERR_INSUFFICIENT_RESOURCES @ http://localhost:5261/api/v1/admin/typography:0
[   48246ms] [ERROR] Failed to load resource: net::ERR_INSUFFICIENT_RESOURCES @ http://localhost:5261/api/v1/admin/typography:0
[   48246ms] [ERROR] Failed to load resource: net::ERR_INSUFFICIENT_RESOURCES @ http://localhost:5261/api/v1/admin/typography:0
[   48246ms] [ERROR] Failed to load resource: net::ERR_INSUFFICIENT_RESOURCES @ http://localhost:5261/api/v1/admin/typography:0
[   48246ms] [ERROR] Failed to load resource: net::ERR_INSUFFICIENT_RESOURCES @ http://localhost:5261/api/v1/admin/typography:0
[   48249ms] [ERROR] Failed to load resource: net::ERR_INSUFFICIENT_RESOURCES @ http://localhost:5261/api/v1/admin/typography:0
[   48249ms] [ERROR] Failed to load resource: net::ERR_INSUFFICIENT_RESOURCES @ http://localhost:5261/api/v1/admin/typography:0
[   48249ms] [ERROR] Failed to load resource: net::ERR_INSUFFICIENT_RESOURCES @ http://localhost:5261/api/v1/admin/typography:0
[   48265ms] [ERROR] Failed to load resource: net::ERR_INSUFFICIENT_RESOURCES @ http://localhost:5261/api/v1/admin/typography:0
[   48265ms] [ERROR] Failed to load resource: net::ERR_INSUFFICIENT_RESOURCES @ http://localhost:5261/api/v1/admin/typography:0
[   48265ms] [ERROR] Failed to load resource: net::ERR_INSUFFICIENT_RESOURCES @ http://localhost:5261/api/v1/admin/typography:0
[   48265ms] [ERROR] Failed to load resource: net::ERR_INSUFFICIENT_RESOURCES @ http://localhost:5261/api/v1/admin/typography:0
[   48268ms] [ERROR] Failed to load resource: net::ERR_INSUFFICIENT_RESOURCES @ http://localhost:5261/api/v1/admin/typography:0
[   48268ms] [ERROR] Failed to load resource: net::ERR_INSUFFICIENT_RESOURCES @ http://localhost:5261/api/v1/admin/typography:0
[   48268ms] [ERROR] Failed to load resource: net::ERR_INSUFFICIENT_RESOURCES @ http://localhost:5261/api/v1/admin/typography:0
[   48268ms] [ERROR] Failed to load resource: net::ERR_INSUFFICIENT_RESOURCES @ http://localhost:5261/api/v1/admin/typography:0
[   48272ms] [ERROR] Failed to load resource: net::ERR_INSUFFICIENT_RESOURCES @ http://localhost:5261/api/v1/admin/typography:0
[   48272ms] [ERROR] Failed to load resource: net::ERR_INSUFFICIENT_RESOURCES @ http://localhost:5261/api/v1/admin/typography:0
[   48272ms] [ERROR] Failed to load resource: net::ERR_INSUFFICIENT_RESOURCES @ http://localhost:5261/api/v1/admin/typography:0
[   48272ms] [ERROR] Failed to load resource: net::ERR_INSUFFICIENT_RESOURCES @ http://localhost:5261/api/v1/admin/typography:0
[   48275ms] [ERROR] Failed to load resource: net::ERR_INSUFFICIENT_RESOURCES @ http://localhost:5261/api/v1/admin/typography:0
[   48275ms] [ERROR] Failed to load resource: net::ERR_INSUFFICIENT_RESOURCES @ http://localhost:5261/api/v1/admin/typography:0
[   48275ms] [ERROR] Failed to load resource: net::ERR_INSUFFICIENT_RESOURCES @ http://localhost:5261/api/v1/admin/typography:0
[   48278ms] [ERROR] Failed to load resource: net::ERR_INSUFFICIENT_RESOURCES @ http://localhost:5261/api/v1/admin/typography:0
[   48278ms] [ERROR] Failed to load resource: net::ERR_INSUFFICIENT_RESOURCES @ http://localhost:5261/api/v1/admin/typography:0
[   48279ms] [ERROR] Failed to load resource: net::ERR_INSUFFICIENT_RESOURCES @ http://localhost:5261/api/v1/admin/typography:0
[   48281ms] [ERROR] Failed to load resource: net::ERR_INSUFFICIENT_RESOURCES @ http://localhost:5261/api/v1/admin/typography:0
[   48283ms] [ERROR] Failed to load resource: net::ERR_INSUFFICIENT_RESOURCES @ http://localhost:5261/api/v1/admin/typography:0
[   48284ms] [ERROR] Failed to load resource: net::ERR_INSUFFICIENT_RESOURCES @ http://localhost:5261/api/v1/admin/typography:0
[   48289ms] [ERROR] Failed to load resource: net::ERR_INSUFFICIENT_RESOURCES @ http://localhost:5261/api/v1/admin/typography:0
[   48289ms] [ERROR] Failed to load resource: net::ERR_INSUFFICIENT_RESOURCES @ http://localhost:5261/api/v1/admin/typography:0
[   48289ms] [ERROR] Failed to load resource: net::ERR_INSUFFICIENT_RESOURCES @ http://localhost:5261/api/v1/admin/typography:0
[   48293ms] [ERROR] Failed to load resource: net::ERR_INSUFFICIENT_RESOURCES @ http://localhost:5261/api/v1/admin/typography:0
[   48293ms] [ERROR] Failed to load resource: net::ERR_INSUFFICIENT_RESOURCES @ http://localhost:5261/api/v1/admin/typography:0
[   48294ms] [ERROR] Failed to load resource: net::ERR_INSUFFICIENT_RESOURCES @ http://localhost:5261/api/v1/admin/typography:0
[   48294ms] [ERROR] Failed to load resource: net::ERR_INSUFFICIENT_RESOURCES @ http://localhost:5261/api/v1/admin/typography:0
[   48300ms] [ERROR] Failed to load resource: net::ERR_INSUFFICIENT_RESOURCES @ http://localhost:5261/api/v1/admin/typography:0
[   48300ms] [ERROR] Failed to load resource: net::ERR_INSUFFICIENT_RESOURCES @ http://localhost:5261/api/v1/admin/typography:0
[   48300ms] [ERROR] Failed to load resource: net::ERR_INSUFFICIENT_RESOURCES @ http://localhost:5261/api/v1/admin/typography:0
[   48302ms] [ERROR] Failed to load resource: net::ERR_INSUFFICIENT_RESOURCES @ http://localhost:5261/api/v1/admin/typography:0
[   48306ms] [ERROR] Failed to load resource: net::ERR_INSUFFICIENT_RESOURCES @ http://localhost:5261/api/v1/admin/typography:0
[   48306ms] [ERROR] Failed to load resource: net::ERR_INSUFFICIENT_RESOURCES @ http://localhost:5261/api/v1/admin/typography:0
[   48308ms] [ERROR] Failed to load resource: net::ERR_INSUFFICIENT_RESOURCES @ http://localhost:5261/api/v1/admin/typography:0
[   48308ms] [ERROR] Failed to load resource: net::ERR_INSUFFICIENT_RESOURCES @ http://localhost:5261/api/v1/admin/typography:0
[   48308ms] [ERROR] Failed to load resource: net::ERR_INSUFFICIENT_RESOURCES @ http://localhost:5261/api/v1/admin/typography:0
[   48308ms] [ERROR] Failed to load resource: net::ERR_INSUFFICIENT_RESOURCES @ http://localhost:5261/api/v1/admin/typography:0
[   48308ms] [ERROR] Failed to load resource: net::ERR_INSUFFICIENT_RESOURCES @ http://localhost:5261/api/v1/admin/typography:0
[   48308ms] [ERROR] Failed to load resource: net::ERR_INSUFFICIENT_RESOURCES @ http://localhost:5261/api/v1/admin/typography:0
[   48311ms] [ERROR] Maximum update depth exceeded. This can happen when a component calls setState inside useEffect, but useEffect either doesn't have a dependency array, or one of the dependencies changes on every render. @ http://localhost:3000/_next/static/chunks/node_modules_next_dist_1e8vcs8._.js:1052
[   48317ms] [ERROR] Failed to load resource: net::ERR_INSUFFICIENT_RESOURCES @ http://localhost:5261/api/v1/admin/typography:0
[   48318ms] [ERROR] Failed to load resource: net::ERR_INSUFFICIENT_RESOURCES @ http://localhost:5261/api/v1/admin/typography:0
[   48318ms] [ERROR] Failed to load resource: net::ERR_INSUFFICIENT_RESOURCES @ http://localhost:5261/api/v1/admin/typography:0
[   48320ms] [LOG] [Fast Refresh] rebuilding @ http://localhost:3000/_next/static/chunks/node_modules_next_dist_1e8vcs8._.js:776
[   48322ms] [ERROR] Failed to load resource: net::ERR_INSUFFICIENT_RESOURCES @ http://localhost:5261/api/v1/admin/typography:0
[   48325ms] [ERROR] Failed to load resource: net::ERR_INSUFFICIENT_RESOURCES @ http://localhost:5261/api/v1/admin/typography:0
[   48325ms] [ERROR] Failed to load resource: net::ERR_INSUFFICIENT_RESOURCES @ http://localhost:5261/api/v1/admin/typography:0
[   48328ms] [ERROR] Failed to load resource: net::ERR_INSUFFICIENT_RESOURCES @ http://localhost:5261/api/v1/admin/typography:0
[   48331ms] [ERROR] Failed to load resource: net::ERR_INSUFFICIENT_RESOURCES @ http://localhost:5261/api/v1/admin/typography:0
[   48331ms] [ERROR] Failed to load resource: net::ERR_INSUFFICIENT_RESOURCES @ http://localhost:5261/api/v1/admin/typography:0
[   48335ms] [ERROR] Failed to load resource: net::ERR_INSUFFICIENT_RESOURCES @ http://localhost:5261/api/v1/admin/typography:0
[   48337ms] [ERROR] Failed to load resource: net::ERR_INSUFFICIENT_RESOURCES @ http://localhost:5261/api/v1/admin/typography:0
[   48337ms] [ERROR] Failed to load resource: net::ERR_INSUFFICIENT_RESOURCES @ http://localhost:5261/api/v1/admin/typography:0
[   48337ms] [ERROR] Failed to load resource: net::ERR_INSUFFICIENT_RESOURCES @ http://localhost:5261/api/v1/admin/typography:0
[   48340ms] [ERROR] Failed to load resource: net::ERR_INSUFFICIENT_RESOURCES @ http://localhost:5261/api/v1/admin/typography:0
[   48340ms] [ERROR] Failed to load resource: net::ERR_INSUFFICIENT_RESOURCES @ http://localhost:5261/api/v1/admin/typography:0
[   48340ms] [ERROR] Failed to load resource: net::ERR_INSUFFICIENT_RESOURCES @ http://localhost:5261/api/v1/admin/typography:0
[   48341ms] [ERROR] Failed to load resource: net::ERR_INSUFFICIENT_RESOURCES @ http://localhost:5261/api/v1/admin/typography:0
[   48341ms] [ERROR] Failed to load resource: net::ERR_INSUFFICIENT_RESOURCES @ http://localhost:5261/api/v1/admin/typography:0
[   48343ms] [ERROR] Failed to load resource: net::ERR_INSUFFICIENT_RESOURCES @ http://localhost:5261/api/v1/admin/typography:0
[   48344ms] [ERROR] Failed to load resource: net::ERR_INSUFFICIENT_RESOURCES @ http://localhost:5261/api/v1/admin/typography:0
[   48344ms] [ERROR] Failed to load resource: net::ERR_INSUFFICIENT_RESOURCES @ http://localhost:5261/api/v1/admin/typography:0
[   48345ms] [ERROR] Failed to load resource: net::ERR_INSUFFICIENT_RESOURCES @ http://localhost:5261/api/v1/admin/typography:0
[   48347ms] [ERROR] Failed to load resource: net::ERR_INSUFFICIENT_RESOURCES @ http://localhost:5261/api/v1/admin/typography:0
[   48349ms] [ERROR] Failed to load resource: net::ERR_INSUFFICIENT_RESOURCES @ http://localhost:5261/api/v1/admin/typography:0
[   48349ms] [ERROR] Failed to load resource: net::ERR_INSUFFICIENT_RESOURCES @ http://localhost:5261/api/v1/admin/typography:0
[   48350ms] [ERROR] Failed to load resource: net::ERR_INSUFFICIENT_RESOURCES @ http://localhost:5261/api/v1/admin/typography:0
[   48350ms] [ERROR] Failed to load resource: net::ERR_INSUFFICIENT_RESOURCES @ http://localhost:5261/api/v1/admin/typography:0
[   48352ms] [ERROR] Failed to load resource: net::ERR_INSUFFICIENT_RESOURCES @ http://localhost:5261/api/v1/admin/typography:0
[   48352ms] [ERROR] Failed to load resource: net::ERR_INSUFFICIENT_RESOURCES @ http://localhost:5261/api/v1/admin/typography:0
[   48352ms] [ERROR] Failed to load resource: net::ERR_INSUFFICIENT_RESOURCES @ http://localhost:5261/api/v1/admin/typography:0
[   48355ms] [ERROR] Failed to load resource: net::ERR_INSUFFICIENT_RESOURCES @ http://localhost:5261/api/v1/admin/typography:0
[   48355ms] [ERROR] Failed to load resource: net::ERR_INSUFFICIENT_RESOURCES @ http://localhost:5261/api/v1/admin/typography:0
[   48355ms] [ERROR] Failed to load resource: net::ERR_INSUFFICIENT_RESOURCES @ http://localhost:5261/api/v1/admin/typography:0
[   48358ms] [ERROR] Failed to load resource: net::ERR_INSUFFICIENT_RESOURCES @ http://localhost:5261/api/v1/admin/typography:0
[   48358ms] [ERROR] Failed to load resource: net::ERR_INSUFFICIENT_RESOURCES @ http://localhost:5261/api/v1/admin/typography:0
[   48358ms] [ERROR] Failed to load resource: net::ERR_INSUFFICIENT_RESOURCES @ http://localhost:5261/api/v1/admin/typography:0
[   48363ms] [ERROR] Failed to load resource: net::ERR_INSUFFICIENT_RESOURCES @ http://localhost:5261/api/v1/admin/typography:0
[   48363ms] [ERROR] Failed to load resource: net::ERR_INSUFFICIENT_RESOURCES @ http://localhost:5261/api/v1/admin/typography:0
[   48363ms] [ERROR] Failed to load resource: net::ERR_INSUFFICIENT_RESOURCES @ http://localhost:5261/api/v1/admin/typography:0
[   48366ms] [ERROR] Failed to load resource: net::ERR_INSUFFICIENT_RESOURCES @ http://localhost:5261/api/v1/admin/typography:0
[   48366ms] [ERROR] Failed to load resource: net::ERR_INSUFFICIENT_RESOURCES @ http://localhost:5261/api/v1/admin/typography:0
[   48366ms] [ERROR] Failed to load resource: net::ERR_INSUFFICIENT_RESOURCES @ http://localhost:5261/api/v1/admin/typography:0
[   48370ms] [ERROR] Failed to load resource: net::ERR_INSUFFICIENT_RESOURCES @ http://localhost:5261/api/v1/admin/typography:0
[   48370ms] [ERROR] Failed to load resource: net::ERR_INSUFFICIENT_RESOURCES @ http://localhost:5261/api/v1/admin/typography:0
[   48372ms] [ERROR] Failed to load resource: net::ERR_INSUFFICIENT_RESOURCES @ http://localhost:5261/api/v1/admin/typography:0
[   48372ms] [ERROR] Failed to load resource: net::ERR_INSUFFICIENT_RESOURCES @ http://localhost:5261/api/v1/admin/typography:0
[   48372ms] [ERROR] Failed to load resource: net::ERR_INSUFFICIENT_RESOURCES @ http://localhost:5261/api/v1/admin/typography:0
[   48374ms] [ERROR] Failed to load resource: net::ERR_INSUFFICIENT_RESOURCES @ http://localhost:5261/api/v1/admin/typography:0
[   48374ms] [ERROR] Failed to load resource: net::ERR_INSUFFICIENT_RESOURCES @ http://localhost:5261/api/v1/admin/typography:0
[   48376ms] [ERROR] Failed to load resource: net::ERR_INSUFFICIENT_RESOURCES @ http://localhost:5261/api/v1/admin/typography:0
[   48376ms] [ERROR] Failed to load resource: net::ERR_INSUFFICIENT_RESOURCES @ http://localhost:5261/api/v1/admin/typography:0
[   48376ms] [ERROR] Failed to load resource: net::ERR_INSUFFICIENT_RESOURCES @ http://localhost:5261/api/v1/admin/typography:0
[   48378ms] [ERROR] Failed to load resource: net::ERR_INSUFFICIENT_RESOURCES @ http://localhost:5261/api/v1/admin/typography:0
[   48378ms] [ERROR] Failed to load resource: net::ERR_INSUFFICIENT_RESOURCES @ http://localhost:5261/api/v1/admin/typography:0
[   48378ms] [ERROR] Failed to load resource: net::ERR_INSUFFICIENT_RESOURCES @ http://localhost:5261/api/v1/admin/typography:0
[   48381ms] [ERROR] Failed to load resource: net::ERR_INSUFFICIENT_RESOURCES @ http://localhost:5261/api/v1/admin/typography:0
[   48381ms] [ERROR] Failed to load resource: net::ERR_INSUFFICIENT_RESOURCES @ http://localhost:5261/api/v1/admin/typography:0
[   48381ms] [ERROR] Failed to load resource: net::ERR_INSUFFICIENT_RESOURCES @ http://localhost:5261/api/v1/admin/typography:0
[   48384ms] [ERROR] Failed to load resource: net::ERR_INSUFFICIENT_RESOURCES @ http://localhost:5261/api/v1/admin/typography:0
[   48384ms] [ERROR] Failed to load resource: net::ERR_INSUFFICIENT_RESOURCES @ http://localhost:5261/api/v1/admin/typography:0
[   48384ms] [ERROR] Failed to load resource: net::ERR_INSUFFICIENT_RESOURCES @ http://localhost:5261/api/v1/admin/typography:0
[   48386ms] [ERROR] Failed to load resource: net::ERR_INSUFFICIENT_RESOURCES @ http://localhost:5261/api/v1/admin/typography:0
[   48386ms] [ERROR] Failed to load resource: net::ERR_INSUFFICIENT_RESOURCES @ http://localhost:5261/api/v1/admin/typography:0
[   48386ms] [ERROR] Failed to load resource: net::ERR_INSUFFICIENT_RESOURCES @ http://localhost:5261/api/v1/admin/typography:0
[   48388ms] [ERROR] Failed to load resource: net::ERR_INSUFFICIENT_RESOURCES @ http://localhost:5261/api/v1/admin/typography:0
[   48388ms] [ERROR] Failed to load resource: net::ERR_INSUFFICIENT_RESOURCES @ http://localhost:5261/api/v1/admin/typography:0
[   48392ms] [ERROR] Failed to load resource: net::ERR_INSUFFICIENT_RESOURCES @ http://localhost:5261/api/v1/admin/typography:0
[   48392ms] [ERROR] Failed to load resource: net::ERR_INSUFFICIENT_RESOURCES @ http://localhost:5261/api/v1/admin/typography:0
[   48392ms] [ERROR] Failed to load resource: net::ERR_INSUFFICIENT_RESOURCES @ http://localhost:5261/api/v1/admin/typography:0
[   48392ms] [ERROR] Failed to load resource: net::ERR_INSUFFICIENT_RESOURCES @ http://localhost:5261/api/v1/admin/typography:0
[   48395ms] [ERROR] Failed to load resource: net::ERR_INSUFFICIENT_RESOURCES @ http://localhost:5261/api/v1/admin/typography:0
[   48395ms] [ERROR] Failed to load resource: net::ERR_INSUFFICIENT_RESOURCES @ http://localhost:5261/api/v1/admin/typography:0
[   48400ms] [ERROR] Failed to load resource: net::ERR_INSUFFICIENT_RESOURCES @ http://localhost:5261/api/v1/admin/typography:0
[   48401ms] [ERROR] Failed to load resource: net::ERR_INSUFFICIENT_RESOURCES @ http://localhost:5261/api/v1/admin/typography:0
[   48401ms] [ERROR] Failed to load resource: net::ERR_INSUFFICIENT_RESOURCES @ http://localhost:5261/api/v1/admin/typography:0
[   48404ms] [ERROR] Failed to load resource: net::ERR_INSUFFICIENT_RESOURCES @ http://localhost:5261/api/v1/admin/typography:0
[   48404ms] [ERROR] Failed to load resource: net::ERR_INSUFFICIENT_RESOURCES @ http://localhost:5261/api/v1/admin/typography:0
[   48404ms] [ERROR] Failed to load resource: net::ERR_INSUFFICIENT_RESOURCES @ http://localhost:5261/api/v1/admin/typography:0
[   48407ms] [ERROR] Failed to load resource: net::ERR_INSUFFICIENT_RESOURCES @ http://localhost:5261/api/v1/admin/typography:0
[   48408ms] [ERROR] Failed to load resource: net::ERR_INSUFFICIENT_RESOURCES @ http://localhost:5261/api/v1/admin/typography:0
[   48408ms] [ERROR] Failed to load resource: net::ERR_INSUFFICIENT_RESOURCES @ http://localhost:5261/api/v1/admin/typography:0
[   48411ms] [ERROR] Failed to load resource: net::ERR_INSUFFICIENT_RESOURCES @ http://localhost:5261/api/v1/admin/typography:0
[   48411ms] [ERROR] Failed to load resource: net::ERR_INSUFFICIENT_RESOURCES @ http://localhost:5261/api/v1/admin/typography:0
[   48412ms] [ERROR] Failed to load resource: net::ERR_INSUFFICIENT_RESOURCES @ http://localhost:5261/api/v1/admin/typography:0
[   48414ms] [ERROR] Failed to load resource: net::ERR_INSUFFICIENT_RESOURCES @ http://localhost:5261/api/v1/admin/typography:0
[   48414ms] [ERROR] Failed to load resource: net::ERR_INSUFFICIENT_RESOURCES @ http://localhost:5261/api/v1/admin/typography:0
[   48414ms] [ERROR] Failed to load resource: net::ERR_INSUFFICIENT_RESOURCES @ http://localhost:5261/api/v1/admin/typography:0
[   48419ms] [ERROR] Failed to load resource: net::ERR_INSUFFICIENT_RESOURCES @ http://localhost:5261/api/v1/admin/typography:0
[   48419ms] [ERROR] Failed to load resource: net::ERR_INSUFFICIENT_RESOURCES @ http://localhost:5261/api/v1/admin/typography:0
[   48419ms] [ERROR] Failed to load resource: net::ERR_INSUFFICIENT_RESOURCES @ http://localhost:5261/api/v1/admin/typography:0
[   48422ms] [ERROR] Failed to load resource: net::ERR_INSUFFICIENT_RESOURCES @ http://localhost:5261/api/v1/admin/typography:0
[   48422ms] [ERROR] Failed to load resource: net::ERR_INSUFFICIENT_RESOURCES @ http://localhost:5261/api/v1/admin/typography:0
[   48422ms] [ERROR] Failed to load resource: net::ERR_INSUFFICIENT_RESOURCES @ http://localhost:5261/api/v1/admin/typography:0
[   48425ms] [ERROR] Failed to load resource: net::ERR_INSUFFICIENT_RESOURCES @ http://localhost:5261/api/v1/admin/typography:0
[   48425ms] [ERROR] Failed to load resource: net::ERR_INSUFFICIENT_RESOURCES @ http://localhost:5261/api/v1/admin/typography:0
[   48430ms] [ERROR] Failed to load resource: net::ERR_INSUFFICIENT_RESOURCES @ http://localhost:5261/api/v1/admin/typography:0
[   48430ms] [ERROR] Failed to load resource: net::ERR_INSUFFICIENT_RESOURCES @ http://localhost:5261/api/v1/admin/typography:0
[   48430ms] [ERROR] Failed to load resource: net::ERR_INSUFFICIENT_RESOURCES @ http://localhost:5261/api/v1/admin/typography:0
[   48431ms] [ERROR] Failed to load resource: net::ERR_INSUFFICIENT_RESOURCES @ http://localhost:5261/api/v1/admin/typography:0
[   48432ms] [ERROR] Failed to load resource: net::ERR_INSUFFICIENT_RESOURCES @ http://localhost:5261/api/v1/admin/typography:0
[   48433ms] [ERROR] Failed to load resource: net::ERR_INSUFFICIENT_RESOURCES @ http://localhost:5261/api/v1/admin/typography:0
[   48437ms] [ERROR] Failed to load resource: net::ERR_INSUFFICIENT_RESOURCES @ http://localhost:5261/api/v1/admin/typography:0
[   48437ms] [ERROR] Failed to load resource: net::ERR_INSUFFICIENT_RESOURCES @ http://localhost:5261/api/v1/admin/typography:0
[   48441ms] [ERROR] Failed to load resource: net::ERR_INSUFFICIENT_RESOURCES @ http://localhost:5261/api/v1/admin/typography:0
[   48443ms] [ERROR] Failed to load resource: net::ERR_INSUFFICIENT_RESOURCES @ http://localhost:5261/api/v1/admin/typography:0
[   48445ms] [ERROR] Failed to load resource: net::ERR_INSUFFICIENT_RESOURCES @ http://localhost:5261/api/v1/admin/typography:0
[   48446ms] [ERROR] Failed to load resource: net::ERR_INSUFFICIENT_RESOURCES @ http://localhost:5261/api/v1/admin/typography:0
[   48446ms] [ERROR] Failed to load resource: net::ERR_INSUFFICIENT_RESOURCES @ http://localhost:5261/api/v1/admin/typography:0
[   48448ms] [ERROR] Failed to load resource: net::ERR_INSUFFICIENT_RESOURCES @ http://localhost:5261/api/v1/admin/typography:0
[   48448ms] [ERROR] Failed to load resource: net::ERR_INSUFFICIENT_RESOURCES @ http://localhost:5261/api/v1/admin/typography:0
[   48448ms] [ERROR] Failed to load resource: net::ERR_INSUFFICIENT_RESOURCES @ http://localhost:5261/api/v1/admin/typography:0
[   48453ms] [ERROR] Failed to load resource: net::ERR_INSUFFICIENT_RESOURCES @ http://localhost:5261/api/v1/admin/typography:0
[   48453ms] [ERROR] Failed to load resource: net::ERR_INSUFFICIENT_RESOURCES @ http://localhost:5261/api/v1/admin/typography:0
[   48453ms] [ERROR] Failed to load resource: net::ERR_INSUFFICIENT_RESOURCES @ http://localhost:5261/api/v1/admin/typography:0
[   48457ms] [ERROR] Failed to load resource: net::ERR_INSUFFICIENT_RESOURCES @ http://localhost:5261/api/v1/admin/typography:0
[   48457ms] [ERROR] Failed to load resource: net::ERR_INSUFFICIENT_RESOURCES @ http://localhost:5261/api/v1/admin/typography:0
[   48459ms] [ERROR] Failed to load resource: net::ERR_INSUFFICIENT_RESOURCES @ http://localhost:5261/api/v1/admin/typography:0
[   48459ms] [ERROR] Failed to load resource: net::ERR_INSUFFICIENT_RESOURCES @ http://localhost:5261/api/v1/admin/typography:0
[   48462ms] [ERROR] Maximum update depth exceeded. This can happen when a component calls setState inside useEffect, but useEffect either doesn't have a dependency array, or one of the dependencies changes on every render. @ http://localhost:3000/_next/static/chunks/node_modules_next_dist_1e8vcs8._.js:1052
[   48462ms] [ERROR] Failed to load resource: net::ERR_INSUFFICIENT_RESOURCES @ http://localhost:5261/api/v1/admin/typography:0
[   48462ms] [ERROR] Failed to load resource: net::ERR_INSUFFICIENT_RESOURCES @ http://localhost:5261/api/v1/admin/typography:0
[   48465ms] [ERROR] Failed to load resource: net::ERR_INSUFFICIENT_RESOURCES @ http://localhost:5261/api/v1/admin/typography:0
[   48465ms] [ERROR] Failed to load resource: net::ERR_INSUFFICIENT_RESOURCES @ http://localhost:5261/api/v1/admin/typography:0
[   48465ms] [ERROR] Failed to load resource: net::ERR_INSUFFICIENT_RESOURCES @ http://localhost:5261/api/v1/admin/typography:0
[   48468ms] [ERROR] Failed to load resource: net::ERR_INSUFFICIENT_RESOURCES @ http://localhost:5261/api/v1/admin/typography:0
[   48468ms] [ERROR] Failed to load resource: net::ERR_INSUFFICIENT_RESOURCES @ http://localhost:5261/api/v1/admin/typography:0
[   48468ms] [ERROR] Failed to load resource: net::ERR_INSUFFICIENT_RESOURCES @ http://localhost:5261/api/v1/admin/typography:0
[   48471ms] [ERROR] Failed to load resource: net::ERR_INSUFFICIENT_RESOURCES @ http://localhost:5261/api/v1/admin/typography:0
[   48471ms] [ERROR] Failed to load resource: net::ERR_INSUFFICIENT_RESOURCES @ http://localhost:5261/api/v1/admin/typography:0
[   48471ms] [ERROR] Failed to load resource: net::ERR_INSUFFICIENT_RESOURCES @ http://localhost:5261/api/v1/admin/typography:0
[   48473ms] [ERROR] Failed to load resource: net::ERR_INSUFFICIENT_RESOURCES @ http://localhost:5261/api/v1/admin/typography:0
[   48473ms] [ERROR] Failed to load resource: net::ERR_INSUFFICIENT_RESOURCES @ http://localhost:5261/api/v1/admin/typography:0
[   48473ms] [ERROR] Failed to load resource: net::ERR_INSUFFICIENT_RESOURCES @ http://localhost:5261/api/v1/admin/typography:0
[   48476ms] [ERROR] Failed to load resource: net::ERR_INSUFFICIENT_RESOURCES @ http://localhost:5261/api/v1/admin/typography:0
[   48476ms] [ERROR] Failed to load resource: net::ERR_INSUFFICIENT_RESOURCES @ http://localhost:5261/api/v1/admin/typography:0
[   48476ms] [ERROR] Failed to load resource: net::ERR_INSUFFICIENT_RESOURCES @ http://localhost:5261/api/v1/admin/typography:0
[   48479ms] [ERROR] Failed to load resource: net::ERR_INSUFFICIENT_RESOURCES @ http://localhost:5261/api/v1/admin/typography:0
[   48479ms] [ERROR] Failed to load resource: net::ERR_INSUFFICIENT_RESOURCES @ http://localhost:5261/api/v1/admin/typography:0
[   48479ms] [ERROR] Failed to load resource: net::ERR_INSUFFICIENT_RESOURCES @ http://localhost:5261/api/v1/admin/typography:0
[   48479ms] [ERROR] Failed to load resource: net::ERR_INSUFFICIENT_RESOURCES @ http://localhost:5261/api/v1/admin/typography:0
[   48481ms] [ERROR] Failed to load resource: net::ERR_INSUFFICIENT_RESOURCES @ http://localhost:5261/api/v1/admin/typography:0
[   48482ms] [ERROR] Failed to load resource: net::ERR_INSUFFICIENT_RESOURCES @ http://localhost:5261/api/v1/admin/typography:0
[   48482ms] [ERROR] Failed to load resource: net::ERR_INSUFFICIENT_RESOURCES @ http://localhost:5261/api/v1/admin/typography:0
[   48482ms] [ERROR] Failed to load resource: net::ERR_INSUFFICIENT_RESOURCES @ http://localhost:5261/api/v1/admin/typography:0
[   48485ms] [ERROR] Failed to load resource: net::ERR_INSUFFICIENT_RESOURCES @ http://localhost:5261/api/v1/admin/typography:0
[   48485ms] [ERROR] Failed to load resource: net::ERR_INSUFFICIENT_RESOURCES @ http://localhost:5261/api/v1/admin/typography:0
[   48485ms] [ERROR] Failed to load resource: net::ERR_INSUFFICIENT_RESOURCES @ http://localhost:5261/api/v1/admin/typography:0
[   48487ms] [ERROR] Failed to load resource: net::ERR_INSUFFICIENT_RESOURCES @ http://localhost:5261/api/v1/admin/typography:0
[   48488ms] [ERROR] Failed to load resource: net::ERR_INSUFFICIENT_RESOURCES @ http://localhost:5261/api/v1/admin/typography:0
[   48490ms] [ERROR] Failed to load resource: net::ERR_INSUFFICIENT_RESOURCES @ http://localhost:5261/api/v1/admin/typography:0
[   48490ms] [ERROR] Failed to load resource: net::ERR_INSUFFICIENT_RESOURCES @ http://localhost:5261/api/v1/admin/typography:0
[   48490ms] [ERROR] Failed to load resource: net::ERR_INSUFFICIENT_RESOURCES @ http://localhost:5261/api/v1/admin/typography:0
[   48491ms] [ERROR] Failed to load resource: net::ERR_INSUFFICIENT_RESOURCES @ http://localhost:5261/api/v1/admin/typography:0
[   48494ms] [ERROR] Failed to load resource: net::ERR_INSUFFICIENT_RESOURCES @ http://localhost:5261/api/v1/admin/typography:0
[   48494ms] [ERROR] Failed to load resource: net::ERR_INSUFFICIENT_RESOURCES @ http://localhost:5261/api/v1/admin/typography:0
[   48494ms] [ERROR] Failed to load resource: net::ERR_INSUFFICIENT_RESOURCES @ http://localhost:5261/api/v1/admin/typography:0
[   48494ms] [ERROR] Failed to load resource: net::ERR_INSUFFICIENT_RESOURCES @ http://localhost:5261/api/v1/admin/typography:0
[   48503ms] [ERROR] Failed to load resource: net::ERR_INSUFFICIENT_RESOURCES @ http://localhost:5261/api/v1/admin/typography:0
[   48505ms] [ERROR] Failed to load resource: net::ERR_INSUFFICIENT_RESOURCES @ http://localhost:5261/api/v1/admin/typography:0
[   48506ms] [ERROR] Failed to load resource: net::ERR_INSUFFICIENT_RESOURCES @ http://localhost:5261/api/v1/admin/typography:0
[   48508ms] [ERROR] Failed to load resource: net::ERR_INSUFFICIENT_RESOURCES @ http://localhost:5261/api/v1/admin/typography:0
[   48508ms] [ERROR] Failed to load resource: net::ERR_INSUFFICIENT_RESOURCES @ http://localhost:5261/api/v1/admin/typography:0
[   48510ms] [ERROR] Failed to load resource: net::ERR_INSUFFICIENT_RESOURCES @ http://localhost:5261/api/v1/admin/typography:0
[   48511ms] [ERROR] Failed to load resource: net::ERR_INSUFFICIENT_RESOURCES @ http://localhost:5261/api/v1/admin/typography:0
[   48512ms] [ERROR] Failed to load resource: net::ERR_INSUFFICIENT_RESOURCES @ http://localhost:5261/api/v1/admin/typography:0
[   48512ms] [ERROR] Failed to load resource: net::ERR_INSUFFICIENT_RESOURCES @ http://localhost:5261/api/v1/admin/typography:0
[   48513ms] [ERROR] Failed to load resource: net::ERR_INSUFFICIENT_RESOURCES @ http://localhost:5261/api/v1/admin/typography:0
[   48513ms] [ERROR] Failed to load resource: net::ERR_INSUFFICIENT_RESOURCES @ http://localhost:5261/api/v1/admin/typography:0
[   48516ms] [ERROR] Failed to load resource: net::ERR_INSUFFICIENT_RESOURCES @ http://localhost:5261/api/v1/admin/typography:0
[   48517ms] [ERROR] Failed to load resource: net::ERR_INSUFFICIENT_RESOURCES @ http://localhost:5261/api/v1/admin/typography:0
[   48520ms] [ERROR] Failed to load resource: net::ERR_INSUFFICIENT_RESOURCES @ http://localhost:5261/api/v1/admin/typography:0
[   48520ms] [ERROR] Failed to load resource: net::ERR_INSUFFICIENT_RESOURCES @ http://localhost:5261/api/v1/admin/typography:0
[   48524ms] [ERROR] Failed to load resource: net::ERR_INSUFFICIENT_RESOURCES @ http://localhost:5261/api/v1/admin/typography:0
[   48524ms] [ERROR] Failed to load resource: net::ERR_INSUFFICIENT_RESOURCES @ http://localhost:5261/api/v1/admin/typography:0
[   48525ms] [ERROR] Failed to load resource: net::ERR_INSUFFICIENT_RESOURCES @ http://localhost:5261/api/v1/admin/typography:0
[   48528ms] [ERROR] Failed to load resource: net::ERR_INSUFFICIENT_RESOURCES @ http://localhost:5261/api/v1/admin/typography:0
[   48531ms] [ERROR] Failed to load resource: net::ERR_INSUFFICIENT_RESOURCES @ http://localhost:5261/api/v1/admin/typography:0
[   48531ms] [ERROR] Failed to load resource: net::ERR_INSUFFICIENT_RESOURCES @ http://localhost:5261/api/v1/admin/typography:0
[   48534ms] [ERROR] Failed to load resource: net::ERR_INSUFFICIENT_RESOURCES @ http://localhost:5261/api/v1/admin/typography:0
[   48536ms] [ERROR] Failed to load resource: net::ERR_INSUFFICIENT_RESOURCES @ http://localhost:5261/api/v1/admin/typography:0
[   48536ms] [ERROR] Failed to load resource: net::ERR_INSUFFICIENT_RESOURCES @ http://localhost:5261/api/v1/admin/typography:0
[   48536ms] [ERROR] Failed to load resource: net::ERR_INSUFFICIENT_RESOURCES @ http://localhost:5261/api/v1/admin/typography:0
[   48537ms] [ERROR] Failed to load resource: net::ERR_INSUFFICIENT_RESOURCES @ http://localhost:5261/api/v1/admin/typography:0
[   48537ms] [ERROR] Failed to load resource: net::ERR_INSUFFICIENT_RESOURCES @ http://localhost:5261/api/v1/admin/typography:0
[   48541ms] [ERROR] Failed to load resource: net::ERR_INSUFFICIENT_RESOURCES @ http://localhost:5261/api/v1/admin/typography:0
[   48541ms] [ERROR] Failed to load resource: net::ERR_INSUFFICIENT_RESOURCES @ http://localhost:5261/api/v1/admin/typography:0
[   48541ms] [ERROR] Failed to load resource: net::ERR_INSUFFICIENT_RESOURCES @ http://localhost:5261/api/v1/admin/typography:0
[   48543ms] [ERROR] Failed to load resource: net::ERR_INSUFFICIENT_RESOURCES @ http://localhost:5261/api/v1/admin/typography:0
[   48543ms] [ERROR] Failed to load resource: net::ERR_INSUFFICIENT_RESOURCES @ http://localhost:5261/api/v1/admin/typography:0
[   48543ms] [ERROR] Failed to load resource: net::ERR_INSUFFICIENT_RESOURCES @ http://localhost:5261/api/v1/admin/typography:0
[   48544ms] [ERROR] Failed to load resource: net::ERR_INSUFFICIENT_RESOURCES @ http://localhost:5261/api/v1/admin/typography:0
[   48546ms] [ERROR] Failed to load resource: net::ERR_INSUFFICIENT_RESOURCES @ http://localhost:5261/api/v1/admin/typography:0
[   48546ms] [ERROR] Failed to load resource: net::ERR_INSUFFICIENT_RESOURCES @ http://localhost:5261/api/v1/admin/typography:0
[   48546ms] [ERROR] Failed to load resource: net::ERR_INSUFFICIENT_RESOURCES @ http://localhost:5261/api/v1/admin/typography:0
[   48550ms] [ERROR] Failed to load resource: net::ERR_INSUFFICIENT_RESOURCES @ http://localhost:5261/api/v1/admin/typography:0
[   48553ms] [ERROR] Failed to load resource: net::ERR_INSUFFICIENT_RESOURCES @ http://localhost:5261/api/v1/admin/typography:0
[   48554ms] [ERROR] Failed to load resource: net::ERR_INSUFFICIENT_RESOURCES @ http://localhost:5261/api/v1/admin/typography:0
[   48558ms] [ERROR] Failed to load resource: net::ERR_INSUFFICIENT_RESOURCES @ http://localhost:5261/api/v1/admin/typography:0
[   48558ms] [ERROR] Failed to load resource: net::ERR_INSUFFICIENT_RESOURCES @ http://localhost:5261/api/v1/admin/typography:0
[   48558ms] [ERROR] Failed to load resource: net::ERR_INSUFFICIENT_RESOURCES @ http://localhost:5261/api/v1/admin/typography:0
[   48558ms] [ERROR] Failed to load resource: net::ERR_INSUFFICIENT_RESOURCES @ http://localhost:5261/api/v1/admin/typography:0
[   48558ms] [ERROR] Failed to load resource: net::ERR_INSUFFICIENT_RESOURCES @ http://localhost:5261/api/v1/admin/typography:0
[   48558ms] [ERROR] Failed to load resource: net::ERR_INSUFFICIENT_RESOURCES @ http://localhost:5261/api/v1/admin/typography:0
[   48563ms] [ERROR] Failed to load resource: net::ERR_INSUFFICIENT_RESOURCES @ http://localhost:5261/api/v1/admin/typography:0
[   48564ms] [LOG] [Fast Refresh] done in 349ms @ http://localhost:3000/_next/static/chunks/node_modules_next_dist_1e8vcs8._.js:776
[   48564ms] [ERROR] Failed to load resource: net::ERR_INSUFFICIENT_RESOURCES @ http://localhost:5261/api/v1/admin/typography:0
[   48564ms] [ERROR] Failed to load resource: net::ERR_INSUFFICIENT_RESOURCES @ http://localhost:5261/api/v1/admin/typography:0
[   48567ms] [ERROR] Failed to load resource: net::ERR_INSUFFICIENT_RESOURCES @ http://localhost:5261/api/v1/admin/typography:0
[   48568ms] [ERROR] Failed to load resource: net::ERR_INSUFFICIENT_RESOURCES @ http://localhost:5261/api/v1/admin/typography:0
[   48568ms] [ERROR] Failed to load resource: net::ERR_INSUFFICIENT_RESOURCES @ http://localhost:5261/api/v1/admin/typography:0
[   48568ms] [ERROR] Failed to load resource: net::ERR_INSUFFICIENT_RESOURCES @ http://localhost:5261/api/v1/admin/typography:0
[   48570ms] [ERROR] Failed to load resource: net::ERR_INSUFFICIENT_RESOURCES @ http://localhost:5261/api/v1/admin/typography:0
[   48570ms] [ERROR] Failed to load resource: net::ERR_INSUFFICIENT_RESOURCES @ http://localhost:5261/api/v1/admin/typography:0
[   48570ms] [ERROR] Failed to load resource: net::ERR_INSUFFICIENT_RESOURCES @ http://localhost:5261/api/v1/admin/typography:0
[   48572ms] [ERROR] Failed to load resource: net::ERR_INSUFFICIENT_RESOURCES @ http://localhost:5261/api/v1/admin/typography:0
[   48573ms] [ERROR] Failed to load resource: net::ERR_INSUFFICIENT_RESOURCES @ http://localhost:5261/api/v1/admin/typography:0
[   48573ms] [ERROR] Failed to load resource: net::ERR_INSUFFICIENT_RESOURCES @ http://localhost:5261/api/v1/admin/typography:0
[   48577ms] [ERROR] Failed to load resource: net::ERR_INSUFFICIENT_RESOURCES @ http://localhost:5261/api/v1/admin/typography:0
[   48580ms] [ERROR] Failed to load resource: net::ERR_INSUFFICIENT_RESOURCES @ http://localhost:5261/api/v1/admin/typography:0
[   48580ms] [ERROR] Failed to load resource: net::ERR_INSUFFICIENT_RESOURCES @ http://localhost:5261/api/v1/admin/typography:0
[   48580ms] [ERROR] Failed to load resource: net::ERR_INSUFFICIENT_RESOURCES @ http://localhost:5261/api/v1/admin/typography:0
[   48580ms] [ERROR] Failed to load resource: net::ERR_INSUFFICIENT_RESOURCES @ http://localhost:5261/api/v1/admin/typography:0
[   48581ms] [ERROR] Failed to load resource: net::ERR_INSUFFICIENT_RESOURCES @ http://localhost:5261/api/v1/admin/typography:0
[   48584ms] [ERROR] Failed to load resource: net::ERR_INSUFFICIENT_RESOURCES @ http://localhost:5261/api/v1/admin/typography:0
[   48584ms] [ERROR] Failed to load resource: net::ERR_INSUFFICIENT_RESOURCES @ http://localhost:5261/api/v1/admin/typography:0
[   48584ms] [ERROR] Failed to load resource: net::ERR_INSUFFICIENT_RESOURCES @ http://localhost:5261/api/v1/admin/typography:0
[   48584ms] [ERROR] Failed to load resource: net::ERR_INSUFFICIENT_RESOURCES @ http://localhost:5261/api/v1/admin/typography:0
[   48591ms] [ERROR] Failed to load resource: net::ERR_INSUFFICIENT_RESOURCES @ http://localhost:5261/api/v1/admin/typography:0
[   48591ms] [ERROR] Failed to load resource: net::ERR_INSUFFICIENT_RESOURCES @ http://localhost:5261/api/v1/admin/typography:0
[   48591ms] [ERROR] Failed to load resource: net::ERR_INSUFFICIENT_RESOURCES @ http://localhost:5261/api/v1/admin/typography:0
[   48591ms] [ERROR] Failed to load resource: net::ERR_INSUFFICIENT_RESOURCES @ http://localhost:5261/api/v1/admin/typography:0
[   48597ms] [ERROR] Failed to load resource: net::ERR_INSUFFICIENT_RESOURCES @ http://localhost:5261/api/v1/admin/typography:0
[   48597ms] [ERROR] Failed to load resource: net::ERR_INSUFFICIENT_RESOURCES @ http://localhost:5261/api/v1/admin/typography:0
[   48597ms] [ERROR] Failed to load resource: net::ERR_INSUFFICIENT_RESOURCES @ http://localhost:5261/api/v1/admin/typography:0
[   48602ms] [ERROR] Failed to load resource: net::ERR_INSUFFICIENT_RESOURCES @ http://localhost:5261/api/v1/admin/typography:0
[   48602ms] [ERROR] Failed to load resource: net::ERR_INSUFFICIENT_RESOURCES @ http://localhost:5261/api/v1/admin/typography:0
[   48602ms] [ERROR] Failed to load resource: net::ERR_INSUFFICIENT_RESOURCES @ http://localhost:5261/api/v1/admin/typography:0
[   48607ms] [ERROR] Failed to load resource: net::ERR_INSUFFICIENT_RESOURCES @ http://localhost:5261/api/v1/admin/typography:0
[   48609ms] [ERROR] Failed to load resource: net::ERR_INSUFFICIENT_RESOURCES @ http://localhost:5261/api/v1/admin/typography:0
[   48609ms] [ERROR] Failed to load resource: net::ERR_INSUFFICIENT_RESOURCES @ http://localhost:5261/api/v1/admin/typography:0
[   48609ms] [ERROR] Failed to load resource: net::ERR_INSUFFICIENT_RESOURCES @ http://localhost:5261/api/v1/admin/typography:0
[   48609ms] [ERROR] Failed to load resource: net::ERR_INSUFFICIENT_RESOURCES @ http://localhost:5261/api/v1/admin/typography:0
[   48609ms] [ERROR] Failed to load resource: net::ERR_INSUFFICIENT_RESOURCES @ http://localhost:5261/api/v1/admin/typography:0
[   48613ms] [ERROR] Failed to load resource: net::ERR_INSUFFICIENT_RESOURCES @ http://localhost:5261/api/v1/admin/typography:0
[   48615ms] [ERROR] Failed to load resource: net::ERR_INSUFFICIENT_RESOURCES @ http://localhost:5261/api/v1/admin/typography:0
[   48626ms] [ERROR] Failed to load resource: net::ERR_INSUFFICIENT_RESOURCES @ http://localhost:5261/api/v1/admin/typography:0
[   48631ms] [ERROR] Failed to load resource: net::ERR_INSUFFICIENT_RESOURCES @ http://localhost:5261/api/v1/admin/typography:0
[   48641ms] [ERROR] Failed to load resource: net::ERR_INSUFFICIENT_RESOURCES @ http://localhost:5261/api/v1/admin/typography:0
[   48641ms] [ERROR] Failed to load resource: net::ERR_INSUFFICIENT_RESOURCES @ http://localhost:5261/api/v1/admin/typography:0
[   48641ms] [ERROR] Failed to load resource: net::ERR_INSUFFICIENT_RESOURCES @ http://localhost:5261/api/v1/admin/typography:0
[   48643ms] [ERROR] Failed to load resource: net::ERR_INSUFFICIENT_RESOURCES @ http://localhost:5261/api/v1/admin/typography:0
[   48647ms] [ERROR] Failed to load resource: net::ERR_INSUFFICIENT_RESOURCES @ http://localhost:5261/api/v1/admin/typography:0
[   48650ms] [ERROR] Failed to load resource: net::ERR_INSUFFICIENT_RESOURCES @ http://localhost:5261/api/v1/admin/typography:0
[   48652ms] [ERROR] Failed to load resource: net::ERR_INSUFFICIENT_RESOURCES @ http://localhost:5261/api/v1/admin/typography:0
[   48654ms] [ERROR] Failed to load resource: net::ERR_INSUFFICIENT_RESOURCES @ http://localhost:5261/api/v1/admin/typography:0
[   48660ms] [ERROR] Failed to load resource: net::ERR_INSUFFICIENT_RESOURCES @ http://localhost:5261/api/v1/admin/typography:0
[   48660ms] [ERROR] Failed to load resource: net::ERR_INSUFFICIENT_RESOURCES @ http://localhost:5261/api/v1/admin/typography:0
[   48663ms] [ERROR] Failed to load resource: net::ERR_INSUFFICIENT_RESOURCES @ http://localhost:5261/api/v1/admin/typography:0
[   48663ms] [ERROR] Failed to load resource: net::ERR_INSUFFICIENT_RESOURCES @ http://localhost:5261/api/v1/admin/typography:0
[   48663ms] [ERROR] Failed to load resource: net::ERR_INSUFFICIENT_RESOURCES @ http://localhost:5261/api/v1/admin/typography:0
[   48666ms] [ERROR] Failed to load resource: net::ERR_INSUFFICIENT_RESOURCES @ http://localhost:5261/api/v1/admin/typography:0
[   48666ms] [ERROR] Failed to load resource: net::ERR_INSUFFICIENT_RESOURCES @ http://localhost:5261/api/v1/admin/typography:0
[   48666ms] [ERROR] Failed to load resource: net::ERR_INSUFFICIENT_RESOURCES @ http://localhost:5261/api/v1/admin/typography:0
[   48668ms] [ERROR] Failed to load resource: net::ERR_INSUFFICIENT_RESOURCES @ http://localhost:5261/api/v1/admin/typography:0
[   48668ms] [ERROR] Failed to load resource: net::ERR_INSUFFICIENT_RESOURCES @ http://localhost:5261/api/v1/admin/typography:0
[   48668ms] [ERROR] Failed to load resource: net::ERR_INSUFFICIENT_RESOURCES @ http://localhost:5261/api/v1/admin/typography:0
[   48670ms] [ERROR] Failed to load resource: net::ERR_INSUFFICIENT_RESOURCES @ http://localhost:5261/api/v1/admin/typography:0
[   48670ms] [ERROR] Failed to load resource: net::ERR_INSUFFICIENT_RESOURCES @ http://localhost:5261/api/v1/admin/typography:0
[   48673ms] [ERROR] Failed to load resource: net::ERR_INSUFFICIENT_RESOURCES @ http://localhost:5261/api/v1/admin/typography:0
[   48673ms] [ERROR] Failed to load resource: net::ERR_INSUFFICIENT_RESOURCES @ http://localhost:5261/api/v1/admin/typography:0
[   48673ms] [ERROR] Failed to load resource: net::ERR_INSUFFICIENT_RESOURCES @ http://localhost:5261/api/v1/admin/typography:0
[   48675ms] [ERROR] Failed to load resource: net::ERR_INSUFFICIENT_RESOURCES @ http://localhost:5261/api/v1/admin/typography:0
[   48678ms] [ERROR] Failed to load resource: net::ERR_INSUFFICIENT_RESOURCES @ http://localhost:5261/api/v1/admin/typography:0
[   48678ms] [ERROR] Failed to load resource: net::ERR_INSUFFICIENT_RESOURCES @ http://localhost:5261/api/v1/admin/typography:0
[   48681ms] [ERROR] Failed to load resource: net::ERR_INSUFFICIENT_RESOURCES @ http://localhost:5261/api/v1/admin/typography:0
[   48683ms] [ERROR] Failed to load resource: net::ERR_INSUFFICIENT_RESOURCES @ http://localhost:5261/api/v1/admin/typography:0
[   48683ms] [ERROR] Failed to load resource: net::ERR_INSUFFICIENT_RESOURCES @ http://localhost:5261/api/v1/admin/typography:0
[   48686ms] [ERROR] Failed to load resource: net::ERR_INSUFFICIENT_RESOURCES @ http://localhost:5261/api/v1/admin/typography:0
[   48687ms] [ERROR] Failed to load resource: net::ERR_INSUFFICIENT_RESOURCES @ http://localhost:5261/api/v1/admin/typography:0
[   48687ms] [ERROR] Failed to load resource: net::ERR_INSUFFICIENT_RESOURCES @ http://localhost:5261/api/v1/admin/typography:0
[   48691ms] [ERROR] Failed to load resource: net::ERR_INSUFFICIENT_RESOURCES @ http://localhost:5261/api/v1/admin/typography:0
[   48691ms] [ERROR] Failed to load resource: net::ERR_INSUFFICIENT_RESOURCES @ http://localhost:5261/api/v1/admin/typography:0
[   48695ms] [ERROR] Failed to load resource: net::ERR_INSUFFICIENT_RESOURCES @ http://localhost:5261/api/v1/admin/typography:0
[   48695ms] [ERROR] Failed to load resource: net::ERR_INSUFFICIENT_RESOURCES @ http://localhost:5261/api/v1/admin/typography:0
[   48695ms] [ERROR] Failed to load resource: net::ERR_INSUFFICIENT_RESOURCES @ http://localhost:5261/api/v1/admin/typography:0
[   48701ms] [ERROR] Failed to load resource: net::ERR_INSUFFICIENT_RESOURCES @ http://localhost:5261/api/v1/admin/typography:0
[   48708ms] [ERROR] Failed to load resource: net::ERR_INSUFFICIENT_RESOURCES @ http://localhost:5261/api/v1/admin/typography:0
[   48708ms] [ERROR] Failed to load resource: net::ERR_INSUFFICIENT_RESOURCES @ http://localhost:5261/api/v1/admin/typography:0
[   48708ms] [ERROR] Failed to load resource: net::ERR_INSUFFICIENT_RESOURCES @ http://localhost:5261/api/v1/admin/typography:0
[   48709ms] [ERROR] Failed to load resource: net::ERR_INSUFFICIENT_RESOURCES @ http://localhost:5261/api/v1/admin/typography:0
[   48710ms] [ERROR] Failed to load resource: net::ERR_INSUFFICIENT_RESOURCES @ http://localhost:5261/api/v1/admin/typography:0
[   48727ms] [ERROR] Failed to load resource: net::ERR_INSUFFICIENT_RESOURCES @ http://localhost:5261/api/v1/admin/typography:0
[   48731ms] [ERROR] Failed to load resource: net::ERR_INSUFFICIENT_RESOURCES @ http://localhost:5261/api/v1/admin/typography:0
[   48732ms] [ERROR] Maximum update depth exceeded. This can happen when a component calls setState inside useEffect, but useEffect either doesn't have a dependency array, or one of the dependencies changes on every render. @ http://localhost:3000/_next/static/chunks/node_modules_next_dist_1e8vcs8._.js:1052
[   48736ms] [ERROR] Failed to load resource: net::ERR_INSUFFICIENT_RESOURCES @ http://localhost:5261/api/v1/admin/typography:0
[   48736ms] [ERROR] Failed to load resource: net::ERR_INSUFFICIENT_RESOURCES @ http://localhost:5261/api/v1/admin/typography:0
[   48740ms] [ERROR] Failed to load resource: net::ERR_INSUFFICIENT_RESOURCES @ http://localhost:5261/api/v1/admin/typography:0
[   48742ms] [ERROR] Failed to load resource: net::ERR_INSUFFICIENT_RESOURCES @ http://localhost:5261/api/v1/admin/typography:0
[   48742ms] [ERROR] Failed to load resource: net::ERR_INSUFFICIENT_RESOURCES @ http://localhost:5261/api/v1/admin/typography:0
[   48742ms] [ERROR] Failed to load resource: net::ERR_INSUFFICIENT_RESOURCES @ http://localhost:5261/api/v1/admin/typography:0
[   48745ms] [ERROR] Failed to load resource: net::ERR_INSUFFICIENT_RESOURCES @ http://localhost:5261/api/v1/admin/typography:0
[   48747ms] [ERROR] Failed to load resource: net::ERR_INSUFFICIENT_RESOURCES @ http://localhost:5261/api/v1/admin/typography:0
[   48747ms] [ERROR] Failed to load resource: net::ERR_INSUFFICIENT_RESOURCES @ http://localhost:5261/api/v1/admin/typography:0
[   48748ms] [ERROR] Failed to load resource: net::ERR_INSUFFICIENT_RESOURCES @ http://localhost:5261/api/v1/admin/typography:0
[   48750ms] [ERROR] Failed to load resource: net::ERR_INSUFFICIENT_RESOURCES @ http://localhost:5261/api/v1/admin/typography:0
[   48800ms] [ERROR] Failed to load resource: net::ERR_INSUFFICIENT_RESOURCES @ http://localhost:5261/api/v1/admin/typography:0
[   48801ms] [ERROR] Failed to load resource: net::ERR_INSUFFICIENT_RESOURCES @ http://localhost:5261/api/v1/admin/typography:0
[   48803ms] [ERROR] Failed to load resource: net::ERR_INSUFFICIENT_RESOURCES @ http://localhost:5261/api/v1/admin/typography:0
[   48803ms] [ERROR] Failed to load resource: net::ERR_INSUFFICIENT_RESOURCES @ http://localhost:5261/api/v1/admin/typography:0
[   48803ms] [ERROR] Failed to load resource: net::ERR_INSUFFICIENT_RESOURCES @ http://localhost:5261/api/v1/admin/typography:0
[   48806ms] [ERROR] Failed to load resource: net::ERR_INSUFFICIENT_RESOURCES @ http://localhost:5261/api/v1/admin/typography:0
[   48808ms] [ERROR] Failed to load resource: net::ERR_INSUFFICIENT_RESOURCES @ http://localhost:5261/api/v1/admin/typography:0
[   48808ms] [ERROR] Failed to load resource: net::ERR_INSUFFICIENT_RESOURCES @ http://localhost:5261/api/v1/admin/typography:0
[   48809ms] [ERROR] Failed to load resource: net::ERR_INSUFFICIENT_RESOURCES @ http://localhost:5261/api/v1/admin/typography:0
[   48810ms] [ERROR] Failed to load resource: net::ERR_INSUFFICIENT_RESOURCES @ http://localhost:5261/api/v1/admin/typography:0
[   48811ms] [ERROR] Failed to load resource: net::ERR_INSUFFICIENT_RESOURCES @ http://localhost:5261/api/v1/admin/typography:0
[   48812ms] [ERROR] Failed to load resource: net::ERR_INSUFFICIENT_RESOURCES @ http://localhost:5261/api/v1/admin/typography:0
[   48813ms] [ERROR] Failed to load resource: net::ERR_INSUFFICIENT_RESOURCES @ http://localhost:5261/api/v1/admin/typography:0
[   48813ms] [ERROR] Failed to load resource: net::ERR_INSUFFICIENT_RESOURCES @ http://localhost:5261/api/v1/admin/typography:0
[   48813ms] [ERROR] Failed to load resource: net::ERR_INSUFFICIENT_RESOURCES @ http://localhost:5261/api/v1/admin/typography:0
[   48816ms] [ERROR] Failed to load resource: net::ERR_INSUFFICIENT_RESOURCES @ http://localhost:5261/api/v1/admin/typography:0
[   48819ms] [ERROR] Failed to load resource: net::ERR_INSUFFICIENT_RESOURCES @ http://localhost:5261/api/v1/admin/typography:0
[   48819ms] [ERROR] Failed to load resource: net::ERR_INSUFFICIENT_RESOURCES @ http://localhost:5261/api/v1/admin/typography:0
[   48823ms] [ERROR] Failed to load resource: net::ERR_INSUFFICIENT_RESOURCES @ http://localhost:5261/api/v1/admin/typography:0
[   48827ms] [ERROR] Failed to load resource: net::ERR_INSUFFICIENT_RESOURCES @ http://localhost:5261/api/v1/admin/typography:0
[   48827ms] [ERROR] Failed to load resource: net::ERR_INSUFFICIENT_RESOURCES @ http://localhost:5261/api/v1/admin/typography:0
[   48828ms] [ERROR] Failed to load resource: net::ERR_INSUFFICIENT_RESOURCES @ http://localhost:5261/api/v1/admin/typography:0
[   48841ms] [ERROR] Failed to load resource: net::ERR_INSUFFICIENT_RESOURCES @ http://localhost:5261/api/v1/admin/typography:0
[   48844ms] [ERROR] Failed to load resource: net::ERR_INSUFFICIENT_RESOURCES @ http://localhost:5261/api/v1/admin/typography:0
[   48845ms] [ERROR] Failed to load resource: net::ERR_INSUFFICIENT_RESOURCES @ http://localhost:5261/api/v1/admin/typography:0
[   48846ms] [ERROR] Failed to load resource: net::ERR_INSUFFICIENT_RESOURCES @ http://localhost:5261/api/v1/admin/typography:0
[   48847ms] [ERROR] Failed to load resource: net::ERR_INSUFFICIENT_RESOURCES @ http://localhost:5261/api/v1/admin/typography:0
[   48847ms] [ERROR] Failed to load resource: net::ERR_INSUFFICIENT_RESOURCES @ http://localhost:5261/api/v1/admin/typography:0
[   48849ms] [ERROR] Failed to load resource: net::ERR_INSUFFICIENT_RESOURCES @ http://localhost:5261/api/v1/admin/typography:0
[   48852ms] [ERROR] Failed to load resource: net::ERR_INSUFFICIENT_RESOURCES @ http://localhost:5261/api/v1/admin/typography:0
[   48856ms] [ERROR] Failed to load resource: net::ERR_INSUFFICIENT_RESOURCES @ http://localhost:5261/api/v1/admin/typography:0
[   48858ms] [ERROR] Failed to load resource: net::ERR_INSUFFICIENT_RESOURCES @ http://localhost:5261/api/v1/admin/typography:0
[   48859ms] [ERROR] Failed to load resource: net::ERR_INSUFFICIENT_RESOURCES @ http://localhost:5261/api/v1/admin/typography:0
[   48862ms] [ERROR] Failed to load resource: net::ERR_INSUFFICIENT_RESOURCES @ http://localhost:5261/api/v1/admin/typography:0
[   48862ms] [ERROR] Failed to load resource: net::ERR_INSUFFICIENT_RESOURCES @ http://localhost:5261/api/v1/admin/typography:0
[   48869ms] [ERROR] Failed to load resource: net::ERR_INSUFFICIENT_RESOURCES @ http://localhost:5261/api/v1/admin/typography:0
[   48876ms] [ERROR] Failed to load resource: net::ERR_INSUFFICIENT_RESOURCES @ http://localhost:5261/api/v1/admin/typography:0
[   48877ms] [ERROR] Failed to load resource: net::ERR_INSUFFICIENT_RESOURCES @ http://localhost:5261/api/v1/admin/typography:0
[   48887ms] [ERROR] Failed to load resource: net::ERR_INSUFFICIENT_RESOURCES @ http://localhost:5261/api/v1/admin/typography:0
[   48901ms] [ERROR] Failed to load resource: net::ERR_INSUFFICIENT_RESOURCES @ http://localhost:5261/api/v1/admin/typography:0
[   48904ms] [ERROR] Failed to load resource: net::ERR_INSUFFICIENT_RESOURCES @ http://localhost:5261/api/v1/admin/typography:0
[   48906ms] [ERROR] Failed to load resource: net::ERR_INSUFFICIENT_RESOURCES @ http://localhost:5261/api/v1/admin/typography:0
[   48909ms] [ERROR] Failed to load resource: net::ERR_INSUFFICIENT_RESOURCES @ http://localhost:5261/api/v1/admin/typography:0
[   48909ms] [ERROR] Failed to load resource: net::ERR_INSUFFICIENT_RESOURCES @ http://localhost:5261/api/v1/admin/typography:0
[   48912ms] [ERROR] Failed to load resource: net::ERR_INSUFFICIENT_RESOURCES @ http://localhost:5261/api/v1/admin/typography:0
[   48912ms] [ERROR] Failed to load resource: net::ERR_INSUFFICIENT_RESOURCES @ http://localhost:5261/api/v1/admin/typography:0
[   48914ms] [ERROR] Failed to load resource: net::ERR_INSUFFICIENT_RESOURCES @ http://localhost:5261/api/v1/admin/typography:0
[   48914ms] [ERROR] Failed to load resource: net::ERR_INSUFFICIENT_RESOURCES @ http://localhost:5261/api/v1/admin/typography:0
[   48919ms] [ERROR] Failed to load resource: net::ERR_INSUFFICIENT_RESOURCES @ http://localhost:5261/api/v1/admin/typography:0
[   48921ms] [ERROR] Failed to load resource: net::ERR_INSUFFICIENT_RESOURCES @ http://localhost:5261/api/v1/admin/typography:0
[   48924ms] [ERROR] Failed to load resource: net::ERR_INSUFFICIENT_RESOURCES @ http://localhost:5261/api/v1/admin/typography:0
[   48924ms] [ERROR] Failed to load resource: net::ERR_INSUFFICIENT_RESOURCES @ http://localhost:5261/api/v1/admin/typography:0
[   48925ms] [ERROR] Failed to load resource: net::ERR_INSUFFICIENT_RESOURCES @ http://localhost:5261/api/v1/admin/typography:0
[   48935ms] [ERROR] Failed to load resource: net::ERR_INSUFFICIENT_RESOURCES @ http://localhost:5261/api/v1/admin/typography:0
[   48942ms] [ERROR] Failed to load resource: net::ERR_INSUFFICIENT_RESOURCES @ http://localhost:5261/api/v1/admin/typography:0
[   48955ms] [ERROR] Failed to load resource: net::ERR_INSUFFICIENT_RESOURCES @ http://localhost:5261/api/v1/admin/typography:0
[   48955ms] [ERROR] Failed to load resource: net::ERR_INSUFFICIENT_RESOURCES @ http://localhost:5261/api/v1/admin/typography:0
[   48956ms] [ERROR] Failed to load resource: net::ERR_INSUFFICIENT_RESOURCES @ http://localhost:5261/api/v1/admin/typography:0
[   48956ms] [ERROR] Failed to load resource: net::ERR_INSUFFICIENT_RESOURCES @ http://localhost:5261/api/v1/admin/typography:0
[   48957ms] [ERROR] Failed to load resource: net::ERR_INSUFFICIENT_RESOURCES @ http://localhost:5261/api/v1/admin/typography:0
[   48957ms] [ERROR] Failed to load resource: net::ERR_INSUFFICIENT_RESOURCES @ http://localhost:5261/api/v1/admin/typography:0
[   48959ms] [ERROR] Failed to load resource: net::ERR_INSUFFICIENT_RESOURCES @ http://localhost:5261/api/v1/admin/typography:0
[   48959ms] [ERROR] Failed to load resource: net::ERR_INSUFFICIENT_RESOURCES @ http://localhost:5261/api/v1/admin/typography:0
[   48962ms] [ERROR] Failed to load resource: net::ERR_INSUFFICIENT_RESOURCES @ http://localhost:5261/api/v1/admin/typography:0
[   48962ms] [ERROR] Failed to load resource: net::ERR_INSUFFICIENT_RESOURCES @ http://localhost:5261/api/v1/admin/typography:0
[   48962ms] [ERROR] Failed to load resource: net::ERR_INSUFFICIENT_RESOURCES @ http://localhost:5261/api/v1/admin/typography:0
[   48964ms] [ERROR] Failed to load resource: net::ERR_INSUFFICIENT_RESOURCES @ http://localhost:5261/api/v1/admin/typography:0
[   48966ms] [ERROR] Failed to load resource: net::ERR_INSUFFICIENT_RESOURCES @ http://localhost:5261/api/v1/admin/typography:0
[   48966ms] [ERROR] Failed to load resource: net::ERR_INSUFFICIENT_RESOURCES @ http://localhost:5261/api/v1/admin/typography:0
[   48977ms] [ERROR] Failed to load resource: net::ERR_INSUFFICIENT_RESOURCES @ http://localhost:5261/api/v1/admin/typography:0
[   48977ms] [ERROR] Failed to load resource: net::ERR_INSUFFICIENT_RESOURCES @ http://localhost:5261/api/v1/admin/typography:0
[   48977ms] [ERROR] Failed to load resource: net::ERR_INSUFFICIENT_RESOURCES @ http://localhost:5261/api/v1/admin/typography:0
[   48979ms] [ERROR] Failed to load resource: net::ERR_INSUFFICIENT_RESOURCES @ http://localhost:5261/api/v1/admin/typography:0
[   48979ms] [ERROR] Failed to load resource: net::ERR_INSUFFICIENT_RESOURCES @ http://localhost:5261/api/v1/admin/typography:0
[   48981ms] [ERROR] Failed to load resource: net::ERR_INSUFFICIENT_RESOURCES @ http://localhost:5261/api/v1/admin/typography:0
[   48981ms] [ERROR] Failed to load resource: net::ERR_INSUFFICIENT_RESOURCES @ http://localhost:5261/api/v1/admin/typography:0
[   48981ms] [ERROR] Failed to load resource: net::ERR_INSUFFICIENT_RESOURCES @ http://localhost:5261/api/v1/admin/typography:0
[   48981ms] [ERROR] Failed to load resource: net::ERR_INSUFFICIENT_RESOURCES @ http://localhost:5261/api/v1/admin/typography:0
[   48983ms] [ERROR] Failed to load resource: net::ERR_INSUFFICIENT_RESOURCES @ http://localhost:5261/api/v1/admin/typography:0
[   48983ms] [ERROR] Failed to load resource: net::ERR_INSUFFICIENT_RESOURCES @ http://localhost:5261/api/v1/admin/typography:0
[   48988ms] [ERROR] Failed to load resource: net::ERR_INSUFFICIENT_RESOURCES @ http://localhost:5261/api/v1/admin/typography:0
[   48988ms] [ERROR] Failed to load resource: net::ERR_INSUFFICIENT_RESOURCES @ http://localhost:5261/api/v1/admin/typography:0
[   48988ms] [ERROR] Failed to load resource: net::ERR_INSUFFICIENT_RESOURCES @ http://localhost:5261/api/v1/admin/typography:0
[   48988ms] [ERROR] Failed to load resource: net::ERR_INSUFFICIENT_RESOURCES @ http://localhost:5261/api/v1/admin/typography:0
[   48991ms] [ERROR] Failed to load resource: net::ERR_INSUFFICIENT_RESOURCES @ http://localhost:5261/api/v1/admin/typography:0
[   48996ms] [ERROR] Failed to load resource: net::ERR_INSUFFICIENT_RESOURCES @ http://localhost:5261/api/v1/admin/typography:0
[   48996ms] [ERROR] Failed to load resource: net::ERR_INSUFFICIENT_RESOURCES @ http://localhost:5261/api/v1/admin/typography:0
[   48996ms] [ERROR] Failed to load resource: net::ERR_INSUFFICIENT_RESOURCES @ http://localhost:5261/api/v1/admin/typography:0
[   48997ms] [ERROR] Failed to load resource: net::ERR_INSUFFICIENT_RESOURCES @ http://localhost:5261/api/v1/admin/typography:0
[   48997ms] [ERROR] Failed to load resource: net::ERR_INSUFFICIENT_RESOURCES @ http://localhost:5261/api/v1/admin/typography:0
[   49002ms] [ERROR] Failed to load resource: net::ERR_INSUFFICIENT_RESOURCES @ http://localhost:5261/api/v1/admin/typography:0
[   49003ms] [ERROR] Failed to load resource: net::ERR_INSUFFICIENT_RESOURCES @ http://localhost:5261/api/v1/admin/typography:0
[   49003ms] [ERROR] Failed to load resource: net::ERR_INSUFFICIENT_RESOURCES @ http://localhost:5261/api/v1/admin/typography:0
[   49005ms] [ERROR] Failed to load resource: net::ERR_INSUFFICIENT_RESOURCES @ http://localhost:5261/api/v1/admin/typography:0
[   49005ms] [ERROR] Failed to load resource: net::ERR_INSUFFICIENT_RESOURCES @ http://localhost:5261/api/v1/admin/typography:0
[   49005ms] [ERROR] Failed to load resource: net::ERR_INSUFFICIENT_RESOURCES @ http://localhost:5261/api/v1/admin/typography:0
[   49007ms] [ERROR] Failed to load resource: net::ERR_INSUFFICIENT_RESOURCES @ http://localhost:5261/api/v1/admin/typography:0
[   49010ms] [ERROR] Failed to load resource: net::ERR_INSUFFICIENT_RESOURCES @ http://localhost:5261/api/v1/admin/typography:0
[   49010ms] [ERROR] Failed to load resource: net::ERR_INSUFFICIENT_RESOURCES @ http://localhost:5261/api/v1/admin/typography:0
[   49011ms] [ERROR] Failed to load resource: net::ERR_INSUFFICIENT_RESOURCES @ http://localhost:5261/api/v1/admin/typography:0
[   49011ms] [ERROR] Failed to load resource: net::ERR_INSUFFICIENT_RESOURCES @ http://localhost:5261/api/v1/admin/typography:0
[   49011ms] [ERROR] Failed to load resource: net::ERR_INSUFFICIENT_RESOURCES @ http://localhost:5261/api/v1/admin/typography:0
[   49011ms] [ERROR] Failed to load resource: net::ERR_INSUFFICIENT_RESOURCES @ http://localhost:5261/api/v1/admin/typography:0
[   49015ms] [ERROR] Failed to load resource: net::ERR_INSUFFICIENT_RESOURCES @ http://localhost:5261/api/v1/admin/typography:0
[   49015ms] [ERROR] Failed to load resource: net::ERR_INSUFFICIENT_RESOURCES @ http://localhost:5261/api/v1/admin/typography:0
[   49015ms] [ERROR] Failed to load resource: net::ERR_INSUFFICIENT_RESOURCES @ http://localhost:5261/api/v1/admin/typography:0
[   49015ms] [ERROR] Failed to load resource: net::ERR_INSUFFICIENT_RESOURCES @ http://localhost:5261/api/v1/admin/typography:0
[   49015ms] [ERROR] Failed to load resource: net::ERR_INSUFFICIENT_RESOURCES @ http://localhost:5261/api/v1/admin/typography:0
[   49018ms] [ERROR] Failed to load resource: net::ERR_INSUFFICIENT_RESOURCES @ http://localhost:5261/api/v1/admin/typography:0
[   49018ms] [ERROR] Failed to load resource: net::ERR_INSUFFICIENT_RESOURCES @ http://localhost:5261/api/v1/admin/typography:0
[   49019ms] [ERROR] Failed to load resource: net::ERR_INSUFFICIENT_RESOURCES @ http://localhost:5261/api/v1/admin/typography:0
[   49021ms] [ERROR] Failed to load resource: net::ERR_INSUFFICIENT_RESOURCES @ http://localhost:5261/api/v1/admin/typography:0
[   49021ms] [ERROR] Failed to load resource: net::ERR_INSUFFICIENT_RESOURCES @ http://localhost:5261/api/v1/admin/typography:0
[   49024ms] [ERROR] Failed to load resource: net::ERR_INSUFFICIENT_RESOURCES @ http://localhost:5261/api/v1/admin/typography:0
[   49025ms] [ERROR] Failed to load resource: net::ERR_INSUFFICIENT_RESOURCES @ http://localhost:5261/api/v1/admin/typography:0
[   49030ms] [ERROR] Failed to load resource: net::ERR_INSUFFICIENT_RESOURCES @ http://localhost:5261/api/v1/admin/typography:0
[   49033ms] [ERROR] Failed to load resource: net::ERR_INSUFFICIENT_RESOURCES @ http://localhost:5261/api/v1/admin/typography:0
[   49034ms] [ERROR] Failed to load resource: net::ERR_INSUFFICIENT_RESOURCES @ http://localhost:5261/api/v1/admin/typography:0
[   49034ms] [ERROR] Failed to load resource: net::ERR_INSUFFICIENT_RESOURCES @ http://localhost:5261/api/v1/admin/typography:0
[   49035ms] [ERROR] Failed to load resource: net::ERR_INSUFFICIENT_RESOURCES @ http://localhost:5261/api/v1/admin/typography:0
[   49035ms] [ERROR] Failed to load resource: net::ERR_INSUFFICIENT_RESOURCES @ http://localhost:5261/api/v1/admin/typography:0
[   49035ms] [ERROR] Failed to load resource: net::ERR_INSUFFICIENT_RESOURCES @ http://localhost:5261/api/v1/admin/typography:0
[   49035ms] [ERROR] Failed to load resource: net::ERR_INSUFFICIENT_RESOURCES @ http://localhost:5261/api/v1/admin/typography:0
[   49035ms] [ERROR] Failed to load resource: net::ERR_INSUFFICIENT_RESOURCES @ http://localhost:5261/api/v1/admin/typography:0
[   49037ms] [ERROR] Failed to load resource: net::ERR_INSUFFICIENT_RESOURCES @ http://localhost:5261/api/v1/admin/typography:0
[   49041ms] [ERROR] Failed to load resource: net::ERR_INSUFFICIENT_RESOURCES @ http://localhost:5261/api/v1/admin/typography:0
[   49041ms] [ERROR] Failed to load resource: net::ERR_INSUFFICIENT_RESOURCES @ http://localhost:5261/api/v1/admin/typography:0
[   49041ms] [ERROR] Failed to load resource: net::ERR_INSUFFICIENT_RESOURCES @ http://localhost:5261/api/v1/admin/typography:0
[   49043ms] [ERROR] Failed to load resource: net::ERR_INSUFFICIENT_RESOURCES @ http://localhost:5261/api/v1/admin/typography:0
[   49043ms] [ERROR] Failed to load resource: net::ERR_INSUFFICIENT_RESOURCES @ http://localhost:5261/api/v1/admin/typography:0
[   49045ms] [ERROR] Failed to load resource: net::ERR_INSUFFICIENT_RESOURCES @ http://localhost:5261/api/v1/admin/typography:0
[   49048ms] [ERROR] Failed to load resource: net::ERR_INSUFFICIENT_RESOURCES @ http://localhost:5261/api/v1/admin/typography:0
[   49048ms] [ERROR] Failed to load resource: net::ERR_INSUFFICIENT_RESOURCES @ http://localhost:5261/api/v1/admin/typography:0
[   49048ms] [ERROR] Failed to load resource: net::ERR_INSUFFICIENT_RESOURCES @ http://localhost:5261/api/v1/admin/typography:0
[   49048ms] [ERROR] Failed to load resource: net::ERR_INSUFFICIENT_RESOURCES @ http://localhost:5261/api/v1/admin/typography:0
[   49055ms] [ERROR] Failed to load resource: net::ERR_INSUFFICIENT_RESOURCES @ http://localhost:5261/api/v1/admin/typography:0
[   49056ms] [ERROR] Failed to load resource: net::ERR_INSUFFICIENT_RESOURCES @ http://localhost:5261/api/v1/admin/typography:0
[   49060ms] [ERROR] Failed to load resource: net::ERR_INSUFFICIENT_RESOURCES @ http://localhost:5261/api/v1/admin/typography:0
[   49060ms] [ERROR] Failed to load resource: net::ERR_INSUFFICIENT_RESOURCES @ http://localhost:5261/api/v1/admin/typography:0
[   49060ms] [ERROR] Failed to load resource: net::ERR_INSUFFICIENT_RESOURCES @ http://localhost:5261/api/v1/admin/typography:0
[   49060ms] [ERROR] Failed to load resource: net::ERR_INSUFFICIENT_RESOURCES @ http://localhost:5261/api/v1/admin/typography:0
[   49064ms] [ERROR] Failed to load resource: net::ERR_INSUFFICIENT_RESOURCES @ http://localhost:5261/api/v1/admin/typography:0
[   49064ms] [ERROR] Failed to load resource: net::ERR_INSUFFICIENT_RESOURCES @ http://localhost:5261/api/v1/admin/typography:0
[   49064ms] [ERROR] Failed to load resource: net::ERR_INSUFFICIENT_RESOURCES @ http://localhost:5261/api/v1/admin/typography:0
[   49072ms] [ERROR] Failed to load resource: net::ERR_INSUFFICIENT_RESOURCES @ http://localhost:5261/api/v1/admin/typography:0
[   49073ms] [ERROR] Failed to load resource: net::ERR_INSUFFICIENT_RESOURCES @ http://localhost:5261/api/v1/admin/typography:0
[   49077ms] [ERROR] Failed to load resource: net::ERR_INSUFFICIENT_RESOURCES @ http://localhost:5261/api/v1/admin/typography:0
[   49077ms] [ERROR] Failed to load resource: net::ERR_INSUFFICIENT_RESOURCES @ http://localhost:5261/api/v1/admin/typography:0
[   49077ms] [ERROR] Failed to load resource: net::ERR_INSUFFICIENT_RESOURCES @ http://localhost:5261/api/v1/admin/typography:0
[   49077ms] [ERROR] Failed to load resource: net::ERR_INSUFFICIENT_RESOURCES @ http://localhost:5261/api/v1/admin/typography:0
[   49077ms] [ERROR] Failed to load resource: net::ERR_INSUFFICIENT_RESOURCES @ http://localhost:5261/api/v1/admin/typography:0
[   49079ms] [ERROR] Failed to load resource: net::ERR_INSUFFICIENT_RESOURCES @ http://localhost:5261/api/v1/admin/typography:0
[   49079ms] [ERROR] Failed to load resource: net::ERR_INSUFFICIENT_RESOURCES @ http://localhost:5261/api/v1/admin/typography:0
[   49083ms] [ERROR] Failed to load resource: net::ERR_INSUFFICIENT_RESOURCES @ http://localhost:5261/api/v1/admin/typography:0
[   49083ms] [ERROR] Maximum update depth exceeded. This can happen when a component calls setState inside useEffect, but useEffect either doesn't have a dependency array, or one of the dependencies changes on every render. @ http://localhost:3000/_next/static/chunks/node_modules_next_dist_1e8vcs8._.js:1052
[   49083ms] [ERROR] Failed to load resource: net::ERR_INSUFFICIENT_RESOURCES @ http://localhost:5261/api/v1/admin/typography:0
[   49083ms] [ERROR] Failed to load resource: net::ERR_INSUFFICIENT_RESOURCES @ http://localhost:5261/api/v1/admin/typography:0
[   49084ms] [ERROR] Failed to load resource: net::ERR_INSUFFICIENT_RESOURCES @ http://localhost:5261/api/v1/admin/typography:0
[   49086ms] [ERROR] Failed to load resource: net::ERR_INSUFFICIENT_RESOURCES @ http://localhost:5261/api/v1/admin/typography:0
[   49086ms] [ERROR] Failed to load resource: net::ERR_INSUFFICIENT_RESOURCES @ http://localhost:5261/api/v1/admin/typography:0
[   49091ms] [ERROR] Failed to load resource: net::ERR_INSUFFICIENT_RESOURCES @ http://localhost:5261/api/v1/admin/typography:0
[   49091ms] [ERROR] Failed to load resource: net::ERR_INSUFFICIENT_RESOURCES @ http://localhost:5261/api/v1/admin/typography:0
[   49091ms] [ERROR] Failed to load resource: net::ERR_INSUFFICIENT_RESOURCES @ http://localhost:5261/api/v1/admin/typography:0
[   49095ms] [ERROR] Failed to load resource: net::ERR_INSUFFICIENT_RESOURCES @ http://localhost:5261/api/v1/admin/typography:0
[   49095ms] [ERROR] Failed to load resource: net::ERR_INSUFFICIENT_RESOURCES @ http://localhost:5261/api/v1/admin/typography:0
[   49105ms] [ERROR] Failed to load resource: net::ERR_INSUFFICIENT_RESOURCES @ http://localhost:5261/api/v1/admin/typography:0
[   49105ms] [ERROR] Failed to load resource: net::ERR_INSUFFICIENT_RESOURCES @ http://localhost:5261/api/v1/admin/typography:0
[   49107ms] [ERROR] Failed to load resource: net::ERR_INSUFFICIENT_RESOURCES @ http://localhost:5261/api/v1/admin/typography:0
[   49108ms] [ERROR] Failed to load resource: net::ERR_INSUFFICIENT_RESOURCES @ http://localhost:5261/api/v1/admin/typography:0
[   49108ms] [ERROR] Failed to load resource: net::ERR_INSUFFICIENT_RESOURCES @ http://localhost:5261/api/v1/admin/typography:0
[   49108ms] [ERROR] Failed to load resource: net::ERR_INSUFFICIENT_RESOURCES @ http://localhost:5261/api/v1/admin/typography:0
[   49110ms] [ERROR] Failed to load resource: net::ERR_INSUFFICIENT_RESOURCES @ http://localhost:5261/api/v1/admin/typography:0
[   49134ms] [ERROR] Failed to load resource: net::ERR_INSUFFICIENT_RESOURCES @ http://localhost:5261/api/v1/admin/typography:0
[   49139ms] [ERROR] Failed to load resource: net::ERR_INSUFFICIENT_RESOURCES @ http://localhost:5261/api/v1/admin/typography:0
[   49141ms] [ERROR] Failed to load resource: net::ERR_INSUFFICIENT_RESOURCES @ http://localhost:5261/api/v1/admin/typography:0
[   49142ms] [ERROR] Failed to load resource: net::ERR_INSUFFICIENT_RESOURCES @ http://localhost:5261/api/v1/admin/typography:0
[   49142ms] [ERROR] Failed to load resource: net::ERR_INSUFFICIENT_RESOURCES @ http://localhost:5261/api/v1/admin/typography:0
[   49142ms] [ERROR] Failed to load resource: net::ERR_INSUFFICIENT_RESOURCES @ http://localhost:5261/api/v1/admin/typography:0
[   49144ms] [ERROR] Failed to load resource: net::ERR_INSUFFICIENT_RESOURCES @ http://localhost:5261/api/v1/admin/typography:0
[   49144ms] [ERROR] Failed to load resource: net::ERR_INSUFFICIENT_RESOURCES @ http://localhost:5261/api/v1/admin/typography:0
[   49146ms] [ERROR] Failed to load resource: net::ERR_INSUFFICIENT_RESOURCES @ http://localhost:5261/api/v1/admin/typography:0
[   49147ms] [ERROR] Failed to load resource: net::ERR_INSUFFICIENT_RESOURCES @ http://localhost:5261/api/v1/admin/typography:0
[   49147ms] [ERROR] Failed to load resource: net::ERR_INSUFFICIENT_RESOURCES @ http://localhost:5261/api/v1/admin/typography:0
[   49149ms] [ERROR] Failed to load resource: net::ERR_INSUFFICIENT_RESOURCES @ http://localhost:5261/api/v1/admin/typography:0
[   49153ms] [ERROR] Failed to load resource: net::ERR_INSUFFICIENT_RESOURCES @ http://localhost:5261/api/v1/admin/typography:0
[   49154ms] [ERROR] Failed to load resource: net::ERR_INSUFFICIENT_RESOURCES @ http://localhost:5261/api/v1/admin/typography:0
[   49154ms] [ERROR] Failed to load resource: net::ERR_INSUFFICIENT_RESOURCES @ http://localhost:5261/api/v1/admin/typography:0
[   49155ms] [ERROR] Failed to load resource: net::ERR_INSUFFICIENT_RESOURCES @ http://localhost:5261/api/v1/admin/typography:0
[   49161ms] [ERROR] Failed to load resource: net::ERR_INSUFFICIENT_RESOURCES @ http://localhost:5261/api/v1/admin/typography:0
[   49162ms] [ERROR] Failed to load resource: net::ERR_INSUFFICIENT_RESOURCES @ http://localhost:5261/api/v1/admin/typography:0
[   49167ms] [ERROR] Failed to load resource: net::ERR_INSUFFICIENT_RESOURCES @ http://localhost:5261/api/v1/admin/typography:0
[   49168ms] [ERROR] Failed to load resource: net::ERR_INSUFFICIENT_RESOURCES @ http://localhost:5261/api/v1/admin/typography:0
[   49171ms] [ERROR] Failed to load resource: net::ERR_INSUFFICIENT_RESOURCES @ http://localhost:5261/api/v1/admin/typography:0
[   49171ms] [ERROR] Failed to load resource: net::ERR_INSUFFICIENT_RESOURCES @ http://localhost:5261/api/v1/admin/typography:0
[   49171ms] [ERROR] Failed to load resource: net::ERR_INSUFFICIENT_RESOURCES @ http://localhost:5261/api/v1/admin/typography:0
[   49171ms] [ERROR] Failed to load resource: net::ERR_INSUFFICIENT_RESOURCES @ http://localhost:5261/api/v1/admin/typography:0
[   49173ms] [ERROR] Failed to load resource: net::ERR_INSUFFICIENT_RESOURCES @ http://localhost:5261/api/v1/admin/typography:0
[   49173ms] [ERROR] Failed to load resource: net::ERR_INSUFFICIENT_RESOURCES @ http://localhost:5261/api/v1/admin/typography:0
[   49173ms] [ERROR] Failed to load resource: net::ERR_INSUFFICIENT_RESOURCES @ http://localhost:5261/api/v1/admin/typography:0
[   49178ms] [ERROR] Failed to load resource: net::ERR_INSUFFICIENT_RESOURCES @ http://localhost:5261/api/v1/admin/typography:0
[   49178ms] [ERROR] Failed to load resource: net::ERR_INSUFFICIENT_RESOURCES @ http://localhost:5261/api/v1/admin/typography:0
[   49178ms] [ERROR] Failed to load resource: net::ERR_INSUFFICIENT_RESOURCES @ http://localhost:5261/api/v1/admin/typography:0
[   49178ms] [ERROR] Failed to load resource: net::ERR_INSUFFICIENT_RESOURCES @ http://localhost:5261/api/v1/admin/typography:0
[   49181ms] [ERROR] Failed to load resource: net::ERR_INSUFFICIENT_RESOURCES @ http://localhost:5261/api/v1/admin/typography:0
[   49181ms] [ERROR] Failed to load resource: net::ERR_INSUFFICIENT_RESOURCES @ http://localhost:5261/api/v1/admin/typography:0
[   49182ms] [ERROR] Failed to load resource: net::ERR_INSUFFICIENT_RESOURCES @ http://localhost:5261/api/v1/admin/typography:0
[   49182ms] [ERROR] Failed to load resource: net::ERR_INSUFFICIENT_RESOURCES @ http://localhost:5261/api/v1/admin/typography:0
[   49185ms] [ERROR] Failed to load resource: net::ERR_INSUFFICIENT_RESOURCES @ http://localhost:5261/api/v1/admin/typography:0
[   49185ms] [ERROR] Failed to load resource: net::ERR_INSUFFICIENT_RESOURCES @ http://localhost:5261/api/v1/admin/typography:0
[   49185ms] [ERROR] Failed to load resource: net::ERR_INSUFFICIENT_RESOURCES @ http://localhost:5261/api/v1/admin/typography:0
[   49185ms] [ERROR] Failed to load resource: net::ERR_INSUFFICIENT_RESOURCES @ http://localhost:5261/api/v1/admin/typography:0
[   49189ms] [ERROR] Failed to load resource: net::ERR_INSUFFICIENT_RESOURCES @ http://localhost:5261/api/v1/admin/typography:0
[   49189ms] [ERROR] Failed to load resource: net::ERR_INSUFFICIENT_RESOURCES @ http://localhost:5261/api/v1/admin/typography:0
[   49192ms] [ERROR] Failed to load resource: net::ERR_INSUFFICIENT_RESOURCES @ http://localhost:5261/api/v1/admin/typography:0
[   49192ms] [ERROR] Failed to load resource: net::ERR_INSUFFICIENT_RESOURCES @ http://localhost:5261/api/v1/admin/typography:0
[   49192ms] [ERROR] Failed to load resource: net::ERR_INSUFFICIENT_RESOURCES @ http://localhost:5261/api/v1/admin/typography:0
[   49192ms] [ERROR] Failed to load resource: net::ERR_INSUFFICIENT_RESOURCES @ http://localhost:5261/api/v1/admin/typography:0
[   49192ms] [ERROR] Failed to load resource: net::ERR_INSUFFICIENT_RESOURCES @ http://localhost:5261/api/v1/admin/typography:0
[   49192ms] [ERROR] Failed to load resource: net::ERR_INSUFFICIENT_RESOURCES @ http://localhost:5261/api/v1/admin/typography:0
[   49195ms] [ERROR] Failed to load resource: net::ERR_INSUFFICIENT_RESOURCES @ http://localhost:5261/api/v1/admin/typography:0
[   49195ms] [ERROR] Failed to load resource: net::ERR_INSUFFICIENT_RESOURCES @ http://localhost:5261/api/v1/admin/typography:0
[   49199ms] [ERROR] Failed to load resource: net::ERR_INSUFFICIENT_RESOURCES @ http://localhost:5261/api/v1/admin/typography:0
[   49199ms] [ERROR] Failed to load resource: net::ERR_INSUFFICIENT_RESOURCES @ http://localhost:5261/api/v1/admin/typography:0
[   49199ms] [ERROR] Failed to load resource: net::ERR_INSUFFICIENT_RESOURCES @ http://localhost:5261/api/v1/admin/typography:0
[   49199ms] [ERROR] Failed to load resource: net::ERR_INSUFFICIENT_RESOURCES @ http://localhost:5261/api/v1/admin/typography:0
[   49205ms] [ERROR] Failed to load resource: net::ERR_INSUFFICIENT_RESOURCES @ http://localhost:5261/api/v1/admin/typography:0
[   49209ms] [ERROR] Failed to load resource: net::ERR_INSUFFICIENT_RESOURCES @ http://localhost:5261/api/v1/admin/typography:0
[   49210ms] [ERROR] Failed to load resource: net::ERR_INSUFFICIENT_RESOURCES @ http://localhost:5261/api/v1/admin/typography:0
[   49210ms] [ERROR] Failed to load resource: net::ERR_INSUFFICIENT_RESOURCES @ http://localhost:5261/api/v1/admin/typography:0
[   49210ms] [ERROR] Failed to load resource: net::ERR_INSUFFICIENT_RESOURCES @ http://localhost:5261/api/v1/admin/typography:0
[   49212ms] [ERROR] Failed to load resource: net::ERR_INSUFFICIENT_RESOURCES @ http://localhost:5261/api/v1/admin/typography:0
[   49212ms] [ERROR] Failed to load resource: net::ERR_INSUFFICIENT_RESOURCES @ http://localhost:5261/api/v1/admin/typography:0
[   49212ms] [ERROR] Failed to load resource: net::ERR_INSUFFICIENT_RESOURCES @ http://localhost:5261/api/v1/admin/typography:0
[   49212ms] [ERROR] Failed to load resource: net::ERR_INSUFFICIENT_RESOURCES @ http://localhost:5261/api/v1/admin/typography:0
[   49214ms] [ERROR] Failed to load resource: net::ERR_INSUFFICIENT_RESOURCES @ http://localhost:5261/api/v1/admin/typography:0
[   49214ms] [ERROR] Failed to load resource: net::ERR_INSUFFICIENT_RESOURCES @ http://localhost:5261/api/v1/admin/typography:0
[   49218ms] [ERROR] Failed to load resource: net::ERR_INSUFFICIENT_RESOURCES @ http://localhost:5261/api/v1/admin/typography:0
[   49218ms] [ERROR] Failed to load resource: net::ERR_INSUFFICIENT_RESOURCES @ http://localhost:5261/api/v1/admin/typography:0
[   49218ms] [ERROR] Failed to load resource: net::ERR_INSUFFICIENT_RESOURCES @ http://localhost:5261/api/v1/admin/typography:0
[   49218ms] [ERROR] Failed to load resource: net::ERR_INSUFFICIENT_RESOURCES @ http://localhost:5261/api/v1/admin/typography:0
[   49218ms] [ERROR] Failed to load resource: net::ERR_INSUFFICIENT_RESOURCES @ http://localhost:5261/api/v1/admin/typography:0
[   49223ms] [ERROR] Failed to load resource: net::ERR_INSUFFICIENT_RESOURCES @ http://localhost:5261/api/v1/admin/typography:0
[   49223ms] [ERROR] Failed to load resource: net::ERR_INSUFFICIENT_RESOURCES @ http://localhost:5261/api/v1/admin/typography:0
[   49223ms] [ERROR] Failed to load resource: net::ERR_INSUFFICIENT_RESOURCES @ http://localhost:5261/api/v1/admin/typography:0
[   49227ms] [ERROR] Failed to load resource: net::ERR_INSUFFICIENT_RESOURCES @ http://localhost:5261/api/v1/admin/typography:0
[   49227ms] [ERROR] Failed to load resource: net::ERR_INSUFFICIENT_RESOURCES @ http://localhost:5261/api/v1/admin/typography:0
[   49227ms] [ERROR] Failed to load resource: net::ERR_INSUFFICIENT_RESOURCES @ http://localhost:5261/api/v1/admin/typography:0
[   49227ms] [ERROR] Failed to load resource: net::ERR_INSUFFICIENT_RESOURCES @ http://localhost:5261/api/v1/admin/typography:0
[   49234ms] [ERROR] Failed to load resource: net::ERR_INSUFFICIENT_RESOURCES @ http://localhost:5261/api/v1/admin/typography:0
[   49234ms] [ERROR] Failed to load resource: net::ERR_INSUFFICIENT_RESOURCES @ http://localhost:5261/api/v1/admin/typography:0
[   49235ms] [ERROR] Failed to load resource: net::ERR_INSUFFICIENT_RESOURCES @ http://localhost:5261/api/v1/admin/typography:0
[   49235ms] [ERROR] Failed to load resource: net::ERR_INSUFFICIENT_RESOURCES @ http://localhost:5261/api/v1/admin/typography:0
[   49240ms] [ERROR] Failed to load resource: net::ERR_INSUFFICIENT_RESOURCES @ http://localhost:5261/api/v1/admin/typography:0
[   49240ms] [ERROR] Failed to load resource: net::ERR_INSUFFICIENT_RESOURCES @ http://localhost:5261/api/v1/admin/typography:0
[   49240ms] [ERROR] Failed to load resource: net::ERR_INSUFFICIENT_RESOURCES @ http://localhost:5261/api/v1/admin/typography:0
[   49240ms] [ERROR] Failed to load resource: net::ERR_INSUFFICIENT_RESOURCES @ http://localhost:5261/api/v1/admin/typography:0
[   49244ms] [ERROR] Failed to load resource: net::ERR_INSUFFICIENT_RESOURCES @ http://localhost:5261/api/v1/admin/typography:0
[   49244ms] [ERROR] Failed to load resource: net::ERR_INSUFFICIENT_RESOURCES @ http://localhost:5261/api/v1/admin/typography:0
[   49244ms] [ERROR] Failed to load resource: net::ERR_INSUFFICIENT_RESOURCES @ http://localhost:5261/api/v1/admin/typography:0
[   49244ms] [ERROR] Failed to load resource: net::ERR_INSUFFICIENT_RESOURCES @ http://localhost:5261/api/v1/admin/typography:0
[   49247ms] [ERROR] Failed to load resource: net::ERR_INSUFFICIENT_RESOURCES @ http://localhost:5261/api/v1/admin/typography:0
[   49247ms] [ERROR] Failed to load resource: net::ERR_INSUFFICIENT_RESOURCES @ http://localhost:5261/api/v1/admin/typography:0
[   49248ms] [ERROR] Failed to load resource: net::ERR_INSUFFICIENT_RESOURCES @ http://localhost:5261/api/v1/admin/typography:0
[   49248ms] [ERROR] Failed to load resource: net::ERR_INSUFFICIENT_RESOURCES @ http://localhost:5261/api/v1/admin/typography:0
[   49251ms] [ERROR] Failed to load resource: net::ERR_INSUFFICIENT_RESOURCES @ http://localhost:5261/api/v1/admin/typography:0
[   49251ms] [ERROR] Maximum update depth exceeded. This can happen when a component calls setState inside useEffect, but useEffect either doesn't have a dependency array, or one of the dependencies changes on every render. @ http://localhost:3000/_next/static/chunks/node_modules_next_dist_1e8vcs8._.js:1052
[   49252ms] [ERROR] Failed to load resource: net::ERR_INSUFFICIENT_RESOURCES @ http://localhost:5261/api/v1/admin/typography:0
[   49252ms] [ERROR] Failed to load resource: net::ERR_INSUFFICIENT_RESOURCES @ http://localhost:5261/api/v1/admin/typography:0
[   49252ms] [ERROR] Failed to load resource: net::ERR_INSUFFICIENT_RESOURCES @ http://localhost:5261/api/v1/admin/typography:0
[   49260ms] [ERROR] Failed to load resource: net::ERR_INSUFFICIENT_RESOURCES @ http://localhost:5261/api/v1/admin/typography:0
[   49260ms] [ERROR] Failed to load resource: net::ERR_INSUFFICIENT_RESOURCES @ http://localhost:5261/api/v1/admin/typography:0
[   49260ms] [ERROR] Failed to load resource: net::ERR_INSUFFICIENT_RESOURCES @ http://localhost:5261/api/v1/admin/typography:0
[   49264ms] [ERROR] Failed to load resource: net::ERR_INSUFFICIENT_RESOURCES @ http://localhost:5261/api/v1/admin/typography:0
[   49264ms] [ERROR] Failed to load resource: net::ERR_INSUFFICIENT_RESOURCES @ http://localhost:5261/api/v1/admin/typography:0
[   49264ms] [ERROR] Failed to load resource: net::ERR_INSUFFICIENT_RESOURCES @ http://localhost:5261/api/v1/admin/typography:0
[   49264ms] [ERROR] Failed to load resource: net::ERR_INSUFFICIENT_RESOURCES @ http://localhost:5261/api/v1/admin/typography:0
[   49264ms] [ERROR] Failed to load resource: net::ERR_INSUFFICIENT_RESOURCES @ http://localhost:5261/api/v1/admin/typography:0
[   49266ms] [ERROR] Failed to load resource: net::ERR_INSUFFICIENT_RESOURCES @ http://localhost:5261/api/v1/admin/typography:0
[   49266ms] [ERROR] Failed to load resource: net::ERR_INSUFFICIENT_RESOURCES @ http://localhost:5261/api/v1/admin/typography:0
[   49266ms] [ERROR] Failed to load resource: net::ERR_INSUFFICIENT_RESOURCES @ http://localhost:5261/api/v1/admin/typography:0
[   49269ms] [ERROR] Failed to load resource: net::ERR_INSUFFICIENT_RESOURCES @ http://localhost:5261/api/v1/admin/typography:0
[   49269ms] [ERROR] Failed to load resource: net::ERR_INSUFFICIENT_RESOURCES @ http://localhost:5261/api/v1/admin/typography:0
[   49269ms] [ERROR] Failed to load resource: net::ERR_INSUFFICIENT_RESOURCES @ http://localhost:5261/api/v1/admin/typography:0
[   49270ms] [ERROR] Failed to load resource: net::ERR_INSUFFICIENT_RESOURCES @ http://localhost:5261/api/v1/admin/typography:0
[   49274ms] [ERROR] Failed to load resource: net::ERR_INSUFFICIENT_RESOURCES @ http://localhost:5261/api/v1/admin/typography:0
[   49274ms] [ERROR] Failed to load resource: net::ERR_INSUFFICIENT_RESOURCES @ http://localhost:5261/api/v1/admin/typography:0
[   49278ms] [ERROR] Failed to load resource: net::ERR_INSUFFICIENT_RESOURCES @ http://localhost:5261/api/v1/admin/typography:0
[   49278ms] [ERROR] Failed to load resource: net::ERR_INSUFFICIENT_RESOURCES @ http://localhost:5261/api/v1/admin/typography:0
[   49279ms] [ERROR] Failed to load resource: net::ERR_INSUFFICIENT_RESOURCES @ http://localhost:5261/api/v1/admin/typography:0
[   49279ms] [ERROR] Failed to load resource: net::ERR_INSUFFICIENT_RESOURCES @ http://localhost:5261/api/v1/admin/typography:0
[   49279ms] [ERROR] Failed to load resource: net::ERR_INSUFFICIENT_RESOURCES @ http://localhost:5261/api/v1/admin/typography:0
[   49280ms] [ERROR] Failed to load resource: net::ERR_INSUFFICIENT_RESOURCES @ http://localhost:5261/api/v1/admin/typography:0
[   49284ms] [ERROR] Failed to load resource: net::ERR_INSUFFICIENT_RESOURCES @ http://localhost:5261/api/v1/admin/typography:0
[   49284ms] [ERROR] Failed to load resource: net::ERR_INSUFFICIENT_RESOURCES @ http://localhost:5261/api/v1/admin/typography:0
[   49289ms] [ERROR] Failed to load resource: net::ERR_INSUFFICIENT_RESOURCES @ http://localhost:5261/api/v1/admin/typography:0
[   49289ms] [ERROR] Failed to load resource: net::ERR_INSUFFICIENT_RESOURCES @ http://localhost:5261/api/v1/admin/typography:0
[   49293ms] [ERROR] Failed to load resource: net::ERR_INSUFFICIENT_RESOURCES @ http://localhost:5261/api/v1/admin/typography:0
[   49293ms] [ERROR] Failed to load resource: net::ERR_INSUFFICIENT_RESOURCES @ http://localhost:5261/api/v1/admin/typography:0
[   49293ms] [ERROR] Failed to load resource: net::ERR_INSUFFICIENT_RESOURCES @ http://localhost:5261/api/v1/admin/typography:0
[   49293ms] [ERROR] Failed to load resource: net::ERR_INSUFFICIENT_RESOURCES @ http://localhost:5261/api/v1/admin/typography:0
[   49293ms] [ERROR] Failed to load resource: net::ERR_INSUFFICIENT_RESOURCES @ http://localhost:5261/api/v1/admin/typography:0
[   49293ms] [ERROR] Failed to load resource: net::ERR_INSUFFICIENT_RESOURCES @ http://localhost:5261/api/v1/admin/typography:0
[   49295ms] [ERROR] Failed to load resource: net::ERR_INSUFFICIENT_RESOURCES @ http://localhost:5261/api/v1/admin/typography:0
[   49299ms] [ERROR] Failed to load resource: net::ERR_INSUFFICIENT_RESOURCES @ http://localhost:5261/api/v1/admin/typography:0
[   49299ms] [ERROR] Failed to load resource: net::ERR_INSUFFICIENT_RESOURCES @ http://localhost:5261/api/v1/admin/typography:0
[   49300ms] [ERROR] Failed to load resource: net::ERR_INSUFFICIENT_RESOURCES @ http://localhost:5261/api/v1/admin/typography:0
[   49300ms] [ERROR] Failed to load resource: net::ERR_INSUFFICIENT_RESOURCES @ http://localhost:5261/api/v1/admin/typography:0
[   49300ms] [ERROR] Failed to load resource: net::ERR_INSUFFICIENT_RESOURCES @ http://localhost:5261/api/v1/admin/typography:0
[   49303ms] [ERROR] Failed to load resource: net::ERR_INSUFFICIENT_RESOURCES @ http://localhost:5261/api/v1/admin/typography:0
[   49303ms] [ERROR] Failed to load resource: net::ERR_INSUFFICIENT_RESOURCES @ http://localhost:5261/api/v1/admin/typography:0
[   49303ms] [ERROR] Failed to load resource: net::ERR_INSUFFICIENT_RESOURCES @ http://localhost:5261/api/v1/admin/typography:0
[   49306ms] [ERROR] Failed to load resource: net::ERR_INSUFFICIENT_RESOURCES @ http://localhost:5261/api/v1/admin/typography:0
[   49306ms] [ERROR] Failed to load resource: net::ERR_INSUFFICIENT_RESOURCES @ http://localhost:5261/api/v1/admin/typography:0
[   49306ms] [ERROR] Failed to load resource: net::ERR_INSUFFICIENT_RESOURCES @ http://localhost:5261/api/v1/admin/typography:0
[   49306ms] [ERROR] Failed to load resource: net::ERR_INSUFFICIENT_RESOURCES @ http://localhost:5261/api/v1/admin/typography:0
[   49320ms] [ERROR] Failed to load resource: net::ERR_INSUFFICIENT_RESOURCES @ http://localhost:5261/api/v1/admin/typography:0
[   49320ms] [ERROR] Failed to load resource: net::ERR_INSUFFICIENT_RESOURCES @ http://localhost:5261/api/v1/admin/typography:0
[   49320ms] [ERROR] Failed to load resource: net::ERR_INSUFFICIENT_RESOURCES @ http://localhost:5261/api/v1/admin/typography:0
[   49321ms] [ERROR] Failed to load resource: net::ERR_INSUFFICIENT_RESOURCES @ http://localhost:5261/api/v1/admin/typography:0
[   49323ms] [ERROR] Failed to load resource: net::ERR_INSUFFICIENT_RESOURCES @ http://localhost:5261/api/v1/admin/typography:0
[   49323ms] [ERROR] Failed to load resource: net::ERR_INSUFFICIENT_RESOURCES @ http://localhost:5261/api/v1/admin/typography:0
[   49323ms] [ERROR] Failed to load resource: net::ERR_INSUFFICIENT_RESOURCES @ http://localhost:5261/api/v1/admin/typography:0
[   49324ms] [ERROR] Failed to load resource: net::ERR_INSUFFICIENT_RESOURCES @ http://localhost:5261/api/v1/admin/typography:0
[   49331ms] [ERROR] Failed to load resource: net::ERR_INSUFFICIENT_RESOURCES @ http://localhost:5261/api/v1/admin/typography:0
[   49331ms] [ERROR] Failed to load resource: net::ERR_INSUFFICIENT_RESOURCES @ http://localhost:5261/api/v1/admin/typography:0
[   49331ms] [ERROR] Failed to load resource: net::ERR_INSUFFICIENT_RESOURCES @ http://localhost:5261/api/v1/admin/typography:0
[   49331ms] [ERROR] Failed to load resource: net::ERR_INSUFFICIENT_RESOURCES @ http://localhost:5261/api/v1/admin/typography:0
[   49334ms] [ERROR] Failed to load resource: net::ERR_INSUFFICIENT_RESOURCES @ http://localhost:5261/api/v1/admin/typography:0
[   49334ms] [ERROR] Failed to load resource: net::ERR_INSUFFICIENT_RESOURCES @ http://localhost:5261/api/v1/admin/typography:0
[   49335ms] [ERROR] Failed to load resource: net::ERR_INSUFFICIENT_RESOURCES @ http://localhost:5261/api/v1/admin/typography:0
[   49335ms] [ERROR] Failed to load resource: net::ERR_INSUFFICIENT_RESOURCES @ http://localhost:5261/api/v1/admin/typography:0
[   49339ms] [ERROR] Failed to load resource: net::ERR_INSUFFICIENT_RESOURCES @ http://localhost:5261/api/v1/admin/typography:0
[   49339ms] [ERROR] Failed to load resource: net::ERR_INSUFFICIENT_RESOURCES @ http://localhost:5261/api/v1/admin/typography:0
[   49342ms] [ERROR] Failed to load resource: net::ERR_INSUFFICIENT_RESOURCES @ http://localhost:5261/api/v1/admin/typography:0
[   49342ms] [ERROR] Failed to load resource: net::ERR_INSUFFICIENT_RESOURCES @ http://localhost:5261/api/v1/admin/typography:0
[   49342ms] [ERROR] Failed to load resource: net::ERR_INSUFFICIENT_RESOURCES @ http://localhost:5261/api/v1/admin/typography:0
[   49345ms] [ERROR] Failed to load resource: net::ERR_INSUFFICIENT_RESOURCES @ http://localhost:5261/api/v1/admin/typography:0
[   49346ms] [ERROR] Failed to load resource: net::ERR_INSUFFICIENT_RESOURCES @ http://localhost:5261/api/v1/admin/typography:0
[   49346ms] [ERROR] Failed to load resource: net::ERR_INSUFFICIENT_RESOURCES @ http://localhost:5261/api/v1/admin/typography:0
[   49350ms] [ERROR] Failed to load resource: net::ERR_INSUFFICIENT_RESOURCES @ http://localhost:5261/api/v1/admin/typography:0
[   49350ms] [ERROR] Failed to load resource: net::ERR_INSUFFICIENT_RESOURCES @ http://localhost:5261/api/v1/admin/typography:0
[   49350ms] [ERROR] Failed to load resource: net::ERR_INSUFFICIENT_RESOURCES @ http://localhost:5261/api/v1/admin/typography:0
[   49354ms] [ERROR] Failed to load resource: net::ERR_INSUFFICIENT_RESOURCES @ http://localhost:5261/api/v1/admin/typography:0
[   49354ms] [ERROR] Failed to load resource: net::ERR_INSUFFICIENT_RESOURCES @ http://localhost:5261/api/v1/admin/typography:0
[   49354ms] [ERROR] Failed to load resource: net::ERR_INSUFFICIENT_RESOURCES @ http://localhost:5261/api/v1/admin/typography:0
[   49354ms] [ERROR] Failed to load resource: net::ERR_INSUFFICIENT_RESOURCES @ http://localhost:5261/api/v1/admin/typography:0
[   49359ms] [ERROR] Failed to load resource: net::ERR_INSUFFICIENT_RESOURCES @ http://localhost:5261/api/v1/admin/typography:0
[   49359ms] [ERROR] Failed to load resource: net::ERR_INSUFFICIENT_RESOURCES @ http://localhost:5261/api/v1/admin/typography:0
[   49359ms] [ERROR] Failed to load resource: net::ERR_INSUFFICIENT_RESOURCES @ http://localhost:5261/api/v1/admin/typography:0
[   49359ms] [ERROR] Failed to load resource: net::ERR_INSUFFICIENT_RESOURCES @ http://localhost:5261/api/v1/admin/typography:0
[   49362ms] [ERROR] Failed to load resource: net::ERR_INSUFFICIENT_RESOURCES @ http://localhost:5261/api/v1/admin/typography:0
[   49363ms] [ERROR] Failed to load resource: net::ERR_INSUFFICIENT_RESOURCES @ http://localhost:5261/api/v1/admin/typography:0
[   49363ms] [ERROR] Failed to load resource: net::ERR_INSUFFICIENT_RESOURCES @ http://localhost:5261/api/v1/admin/typography:0
[   49363ms] [ERROR] Failed to load resource: net::ERR_INSUFFICIENT_RESOURCES @ http://localhost:5261/api/v1/admin/typography:0
[   49369ms] [ERROR] Failed to load resource: net::ERR_INSUFFICIENT_RESOURCES @ http://localhost:5261/api/v1/admin/typography:0
[   49369ms] [ERROR] Failed to load resource: net::ERR_INSUFFICIENT_RESOURCES @ http://localhost:5261/api/v1/admin/typography:0
[   49369ms] [ERROR] Failed to load resource: net::ERR_INSUFFICIENT_RESOURCES @ http://localhost:5261/api/v1/admin/typography:0
[   49369ms] [ERROR] Failed to load resource: net::ERR_INSUFFICIENT_RESOURCES @ http://localhost:5261/api/v1/admin/typography:0
[   49375ms] [ERROR] Failed to load resource: net::ERR_INSUFFICIENT_RESOURCES @ http://localhost:5261/api/v1/admin/typography:0
[   49375ms] [ERROR] Failed to load resource: net::ERR_INSUFFICIENT_RESOURCES @ http://localhost:5261/api/v1/admin/typography:0
[   49375ms] [ERROR] Failed to load resource: net::ERR_INSUFFICIENT_RESOURCES @ http://localhost:5261/api/v1/admin/typography:0
[   49379ms] [ERROR] Failed to load resource: net::ERR_INSUFFICIENT_RESOURCES @ http://localhost:5261/api/v1/admin/typography:0
[   49380ms] [ERROR] Failed to load resource: net::ERR_INSUFFICIENT_RESOURCES @ http://localhost:5261/api/v1/admin/typography:0
[   49380ms] [ERROR] Failed to load resource: net::ERR_INSUFFICIENT_RESOURCES @ http://localhost:5261/api/v1/admin/typography:0
[   49380ms] [ERROR] Failed to load resource: net::ERR_INSUFFICIENT_RESOURCES @ http://localhost:5261/api/v1/admin/typography:0
[   49382ms] [ERROR] Failed to load resource: net::ERR_INSUFFICIENT_RESOURCES @ http://localhost:5261/api/v1/admin/typography:0
[   49382ms] [ERROR] Failed to load resource: net::ERR_INSUFFICIENT_RESOURCES @ http://localhost:5261/api/v1/admin/typography:0
[   49382ms] [ERROR] Failed to load resource: net::ERR_INSUFFICIENT_RESOURCES @ http://localhost:5261/api/v1/admin/typography:0
[   49388ms] [LOG] [Fast Refresh] rebuilding @ http://localhost:3000/_next/static/chunks/node_modules_next_dist_1e8vcs8._.js:776
[   49389ms] [ERROR] Failed to load resource: net::ERR_INSUFFICIENT_RESOURCES @ http://localhost:5261/api/v1/admin/typography:0
[   49389ms] [ERROR] Failed to load resource: net::ERR_INSUFFICIENT_RESOURCES @ http://localhost:5261/api/v1/admin/typography:0
[   49389ms] [ERROR] Failed to load resource: net::ERR_INSUFFICIENT_RESOURCES @ http://localhost:5261/api/v1/admin/typography:0
[   49389ms] [ERROR] Failed to load resource: net::ERR_INSUFFICIENT_RESOURCES @ http://localhost:5261/api/v1/admin/typography:0
[   49395ms] [ERROR] Failed to load resource: net::ERR_INSUFFICIENT_RESOURCES @ http://localhost:5261/api/v1/admin/typography:0
[   49395ms] [ERROR] Failed to load resource: net::ERR_INSUFFICIENT_RESOURCES @ http://localhost:5261/api/v1/admin/typography:0
[   49395ms] [ERROR] Failed to load resource: net::ERR_INSUFFICIENT_RESOURCES @ http://localhost:5261/api/v1/admin/typography:0
[   49395ms] [ERROR] Failed to load resource: net::ERR_INSUFFICIENT_RESOURCES @ http://localhost:5261/api/v1/admin/typography:0
[   49399ms] [ERROR] Failed to load resource: net::ERR_INSUFFICIENT_RESOURCES @ http://localhost:5261/api/v1/admin/typography:0
[   49399ms] [ERROR] Failed to load resource: net::ERR_INSUFFICIENT_RESOURCES @ http://localhost:5261/api/v1/admin/typography:0
[   49399ms] [ERROR] Failed to load resource: net::ERR_INSUFFICIENT_RESOURCES @ http://localhost:5261/api/v1/admin/typography:0
[   49399ms] [ERROR] Failed to load resource: net::ERR_INSUFFICIENT_RESOURCES @ http://localhost:5261/api/v1/admin/typography:0
[   49403ms] [ERROR] Failed to load resource: net::ERR_INSUFFICIENT_RESOURCES @ http://localhost:5261/api/v1/admin/typography:0
[   49403ms] [ERROR] Failed to load resource: net::ERR_INSUFFICIENT_RESOURCES @ http://localhost:5261/api/v1/admin/typography:0
[   49407ms] [ERROR] Failed to load resource: net::ERR_INSUFFICIENT_RESOURCES @ http://localhost:5261/api/v1/admin/typography:0
[   49407ms] [ERROR] Failed to load resource: net::ERR_INSUFFICIENT_RESOURCES @ http://localhost:5261/api/v1/admin/typography:0
[   49408ms] [ERROR] Failed to load resource: net::ERR_INSUFFICIENT_RESOURCES @ http://localhost:5261/api/v1/admin/typography:0
[   49408ms] [ERROR] Failed to load resource: net::ERR_INSUFFICIENT_RESOURCES @ http://localhost:5261/api/v1/admin/typography:0
[   49408ms] [ERROR] Failed to load resource: net::ERR_INSUFFICIENT_RESOURCES @ http://localhost:5261/api/v1/admin/typography:0
[   49408ms] [ERROR] Failed to load resource: net::ERR_INSUFFICIENT_RESOURCES @ http://localhost:5261/api/v1/admin/typography:0
[   49410ms] [ERROR] Failed to load resource: net::ERR_INSUFFICIENT_RESOURCES @ http://localhost:5261/api/v1/admin/typography:0
[   49410ms] [ERROR] Failed to load resource: net::ERR_INSUFFICIENT_RESOURCES @ http://localhost:5261/api/v1/admin/typography:0
[   49412ms] [ERROR] Failed to load resource: net::ERR_INSUFFICIENT_RESOURCES @ http://localhost:5261/api/v1/admin/typography:0
[   49412ms] [ERROR] Failed to load resource: net::ERR_INSUFFICIENT_RESOURCES @ http://localhost:5261/api/v1/admin/typography:0
[   49412ms] [ERROR] Failed to load resource: net::ERR_INSUFFICIENT_RESOURCES @ http://localhost:5261/api/v1/admin/typography:0
[   49412ms] [ERROR] Failed to load resource: net::ERR_INSUFFICIENT_RESOURCES @ http://localhost:5261/api/v1/admin/typography:0
[   49415ms] [ERROR] Failed to load resource: net::ERR_INSUFFICIENT_RESOURCES @ http://localhost:5261/api/v1/admin/typography:0
[   49415ms] [ERROR] Failed to load resource: net::ERR_INSUFFICIENT_RESOURCES @ http://localhost:5261/api/v1/admin/typography:0
[   49415ms] [ERROR] Failed to load resource: net::ERR_INSUFFICIENT_RESOURCES @ http://localhost:5261/api/v1/admin/typography:0
[   49417ms] [ERROR] Failed to load resource: net::ERR_INSUFFICIENT_RESOURCES @ http://localhost:5261/api/v1/admin/typography:0
[   49417ms] [ERROR] Failed to load resource: net::ERR_INSUFFICIENT_RESOURCES @ http://localhost:5261/api/v1/admin/typography:0
[   49418ms] [ERROR] Failed to load resource: net::ERR_INSUFFICIENT_RESOURCES @ http://localhost:5261/api/v1/admin/typography:0
[   49418ms] [ERROR] Failed to load resource: net::ERR_INSUFFICIENT_RESOURCES @ http://localhost:5261/api/v1/admin/typography:0
[   49419ms] [ERROR] Failed to load resource: net::ERR_INSUFFICIENT_RESOURCES @ http://localhost:5261/api/v1/admin/typography:0
[   49420ms] [ERROR] Failed to load resource: net::ERR_INSUFFICIENT_RESOURCES @ http://localhost:5261/api/v1/admin/typography:0
[   49424ms] [ERROR] Failed to load resource: net::ERR_INSUFFICIENT_RESOURCES @ http://localhost:5261/api/v1/admin/typography:0
[   49425ms] [ERROR] Failed to load resource: net::ERR_INSUFFICIENT_RESOURCES @ http://localhost:5261/api/v1/admin/typography:0
[   49425ms] [ERROR] Failed to load resource: net::ERR_INSUFFICIENT_RESOURCES @ http://localhost:5261/api/v1/admin/typography:0
[   49425ms] [ERROR] Failed to load resource: net::ERR_INSUFFICIENT_RESOURCES @ http://localhost:5261/api/v1/admin/typography:0
[   49425ms] [ERROR] Failed to load resource: net::ERR_INSUFFICIENT_RESOURCES @ http://localhost:5261/api/v1/admin/typography:0
[   49428ms] [ERROR] Failed to load resource: net::ERR_INSUFFICIENT_RESOURCES @ http://localhost:5261/api/v1/admin/typography:0
[   49428ms] [ERROR] Failed to load resource: net::ERR_INSUFFICIENT_RESOURCES @ http://localhost:5261/api/v1/admin/typography:0
[   49428ms] [ERROR] Failed to load resource: net::ERR_INSUFFICIENT_RESOURCES @ http://localhost:5261/api/v1/admin/typography:0
[   49431ms] [ERROR] Failed to load resource: net::ERR_INSUFFICIENT_RESOURCES @ http://localhost:5261/api/v1/admin/typography:0
[   49432ms] [ERROR] Failed to load resource: net::ERR_INSUFFICIENT_RESOURCES @ http://localhost:5261/api/v1/admin/typography:0
[   49432ms] [ERROR] Failed to load resource: net::ERR_INSUFFICIENT_RESOURCES @ http://localhost:5261/api/v1/admin/typography:0
[   49432ms] [ERROR] Failed to load resource: net::ERR_INSUFFICIENT_RESOURCES @ http://localhost:5261/api/v1/admin/typography:0
[   49435ms] [ERROR] Failed to load resource: net::ERR_INSUFFICIENT_RESOURCES @ http://localhost:5261/api/v1/admin/typography:0
[   49435ms] [ERROR] Failed to load resource: net::ERR_INSUFFICIENT_RESOURCES @ http://localhost:5261/api/v1/admin/typography:0
[   49435ms] [ERROR] Failed to load resource: net::ERR_INSUFFICIENT_RESOURCES @ http://localhost:5261/api/v1/admin/typography:0
[   49440ms] [ERROR] Failed to load resource: net::ERR_INSUFFICIENT_RESOURCES @ http://localhost:5261/api/v1/admin/typography:0
[   49440ms] [ERROR] Failed to load resource: net::ERR_INSUFFICIENT_RESOURCES @ http://localhost:5261/api/v1/admin/typography:0
[   49440ms] [ERROR] Failed to load resource: net::ERR_INSUFFICIENT_RESOURCES @ http://localhost:5261/api/v1/admin/typography:0
[   49442ms] [ERROR] Failed to load resource: net::ERR_INSUFFICIENT_RESOURCES @ http://localhost:5261/api/v1/admin/typography:0
[   49442ms] [ERROR] Failed to load resource: net::ERR_INSUFFICIENT_RESOURCES @ http://localhost:5261/api/v1/admin/typography:0
[   49444ms] [ERROR] Failed to load resource: net::ERR_INSUFFICIENT_RESOURCES @ http://localhost:5261/api/v1/admin/typography:0
[   49444ms] [ERROR] Failed to load resource: net::ERR_INSUFFICIENT_RESOURCES @ http://localhost:5261/api/v1/admin/typography:0
[   49444ms] [ERROR] Failed to load resource: net::ERR_INSUFFICIENT_RESOURCES @ http://localhost:5261/api/v1/admin/typography:0
[   49444ms] [ERROR] Failed to load resource: net::ERR_INSUFFICIENT_RESOURCES @ http://localhost:5261/api/v1/admin/typography:0
[   49446ms] [ERROR] Failed to load resource: net::ERR_INSUFFICIENT_RESOURCES @ http://localhost:5261/api/v1/admin/typography:0
[   49446ms] [ERROR] Failed to load resource: net::ERR_INSUFFICIENT_RESOURCES @ http://localhost:5261/api/v1/admin/typography:0
[   49446ms] [ERROR] Failed to load resource: net::ERR_INSUFFICIENT_RESOURCES @ http://localhost:5261/api/v1/admin/typography:0
[   49450ms] [ERROR] Failed to load resource: net::ERR_INSUFFICIENT_RESOURCES @ http://localhost:5261/api/v1/admin/typography:0
[   49450ms] [ERROR] Failed to load resource: net::ERR_INSUFFICIENT_RESOURCES @ http://localhost:5261/api/v1/admin/typography:0
[   49453ms] [ERROR] Failed to load resource: net::ERR_INSUFFICIENT_RESOURCES @ http://localhost:5261/api/v1/admin/typography:0
[   49453ms] [ERROR] Failed to load resource: net::ERR_INSUFFICIENT_RESOURCES @ http://localhost:5261/api/v1/admin/typography:0
[   49453ms] [ERROR] Failed to load resource: net::ERR_INSUFFICIENT_RESOURCES @ http://localhost:5261/api/v1/admin/typography:0
[   49453ms] [ERROR] Failed to load resource: net::ERR_INSUFFICIENT_RESOURCES @ http://localhost:5261/api/v1/admin/typography:0
[   49457ms] [ERROR] Failed to load resource: net::ERR_INSUFFICIENT_RESOURCES @ http://localhost:5261/api/v1/admin/typography:0
[   49457ms] [ERROR] Failed to load resource: net::ERR_INSUFFICIENT_RESOURCES @ http://localhost:5261/api/v1/admin/typography:0
[   49457ms] [ERROR] Failed to load resource: net::ERR_INSUFFICIENT_RESOURCES @ http://localhost:5261/api/v1/admin/typography:0
[   49463ms] [ERROR] Maximum update depth exceeded. This can happen when a component calls setState inside useEffect, but useEffect either doesn't have a dependency array, or one of the dependencies changes on every render. @ http://localhost:3000/_next/static/chunks/node_modules_next_dist_1e8vcs8._.js:1052
[   49465ms] [ERROR] Failed to load resource: net::ERR_INSUFFICIENT_RESOURCES @ http://localhost:5261/api/v1/admin/typography:0
[   49465ms] [ERROR] Failed to load resource: net::ERR_INSUFFICIENT_RESOURCES @ http://localhost:5261/api/v1/admin/typography:0
[   49466ms] [ERROR] Failed to load resource: net::ERR_INSUFFICIENT_RESOURCES @ http://localhost:5261/api/v1/admin/typography:0
[   49469ms] [ERROR] Failed to load resource: net::ERR_INSUFFICIENT_RESOURCES @ http://localhost:5261/api/v1/admin/typography:0
[   49469ms] [ERROR] Failed to load resource: net::ERR_INSUFFICIENT_RESOURCES @ http://localhost:5261/api/v1/admin/typography:0
[   49471ms] [ERROR] Failed to load resource: net::ERR_INSUFFICIENT_RESOURCES @ http://localhost:5261/api/v1/admin/typography:0
[   49471ms] [ERROR] Failed to load resource: net::ERR_INSUFFICIENT_RESOURCES @ http://localhost:5261/api/v1/admin/typography:0
[   49472ms] [ERROR] Failed to load resource: net::ERR_INSUFFICIENT_RESOURCES @ http://localhost:5261/api/v1/admin/typography:0
[   49476ms] [ERROR] Failed to load resource: net::ERR_INSUFFICIENT_RESOURCES @ http://localhost:5261/api/v1/admin/typography:0
[   49480ms] [ERROR] Failed to load resource: net::ERR_INSUFFICIENT_RESOURCES @ http://localhost:5261/api/v1/admin/typography:0
[   49480ms] [ERROR] Failed to load resource: net::ERR_INSUFFICIENT_RESOURCES @ http://localhost:5261/api/v1/admin/typography:0
[   49480ms] [ERROR] Failed to load resource: net::ERR_INSUFFICIENT_RESOURCES @ http://localhost:5261/api/v1/admin/typography:0
[   49482ms] [ERROR] Failed to load resource: net::ERR_INSUFFICIENT_RESOURCES @ http://localhost:5261/api/v1/admin/typography:0
[   49485ms] [ERROR] Failed to load resource: net::ERR_INSUFFICIENT_RESOURCES @ http://localhost:5261/api/v1/admin/typography:0
[   49485ms] [ERROR] Failed to load resource: net::ERR_INSUFFICIENT_RESOURCES @ http://localhost:5261/api/v1/admin/typography:0
[   49485ms] [ERROR] Failed to load resource: net::ERR_INSUFFICIENT_RESOURCES @ http://localhost:5261/api/v1/admin/typography:0
[   49486ms] [ERROR] Failed to load resource: net::ERR_INSUFFICIENT_RESOURCES @ http://localhost:5261/api/v1/admin/typography:0
[   49491ms] [ERROR] Failed to load resource: net::ERR_INSUFFICIENT_RESOURCES @ http://localhost:5261/api/v1/admin/typography:0
[   49493ms] [ERROR] Failed to load resource: net::ERR_INSUFFICIENT_RESOURCES @ http://localhost:5261/api/v1/admin/typography:0
[   49496ms] [ERROR] Failed to load resource: net::ERR_INSUFFICIENT_RESOURCES @ http://localhost:5261/api/v1/admin/typography:0
[   49496ms] [ERROR] Failed to load resource: net::ERR_INSUFFICIENT_RESOURCES @ http://localhost:5261/api/v1/admin/typography:0
[   49496ms] [ERROR] Failed to load resource: net::ERR_INSUFFICIENT_RESOURCES @ http://localhost:5261/api/v1/admin/typography:0
[   49499ms] [ERROR] Failed to load resource: net::ERR_INSUFFICIENT_RESOURCES @ http://localhost:5261/api/v1/admin/typography:0
[   49499ms] [ERROR] Failed to load resource: net::ERR_INSUFFICIENT_RESOURCES @ http://localhost:5261/api/v1/admin/typography:0
[   49499ms] [ERROR] Failed to load resource: net::ERR_INSUFFICIENT_RESOURCES @ http://localhost:5261/api/v1/admin/typography:0
[   49500ms] [ERROR] Failed to load resource: net::ERR_INSUFFICIENT_RESOURCES @ http://localhost:5261/api/v1/admin/typography:0
[   49501ms] [ERROR] Failed to load resource: net::ERR_INSUFFICIENT_RESOURCES @ http://localhost:5261/api/v1/admin/typography:0
[   49501ms] [ERROR] Failed to load resource: net::ERR_INSUFFICIENT_RESOURCES @ http://localhost:5261/api/v1/admin/typography:0
[   49502ms] [ERROR] Failed to load resource: net::ERR_INSUFFICIENT_RESOURCES @ http://localhost:5261/api/v1/admin/typography:0
[   49502ms] [ERROR] Failed to load resource: net::ERR_INSUFFICIENT_RESOURCES @ http://localhost:5261/api/v1/admin/typography:0
[   49503ms] [ERROR] Failed to load resource: net::ERR_INSUFFICIENT_RESOURCES @ http://localhost:5261/api/v1/admin/typography:0
[   49505ms] [ERROR] Failed to load resource: net::ERR_INSUFFICIENT_RESOURCES @ http://localhost:5261/api/v1/admin/typography:0
[   49505ms] [ERROR] Failed to load resource: net::ERR_INSUFFICIENT_RESOURCES @ http://localhost:5261/api/v1/admin/typography:0
[   49505ms] [ERROR] Failed to load resource: net::ERR_INSUFFICIENT_RESOURCES @ http://localhost:5261/api/v1/admin/typography:0
[   49507ms] [ERROR] Failed to load resource: net::ERR_INSUFFICIENT_RESOURCES @ http://localhost:5261/api/v1/admin/typography:0
[   49507ms] [ERROR] Failed to load resource: net::ERR_INSUFFICIENT_RESOURCES @ http://localhost:5261/api/v1/admin/typography:0
[   49507ms] [ERROR] Failed to load resource: net::ERR_INSUFFICIENT_RESOURCES @ http://localhost:5261/api/v1/admin/typography:0
[   49509ms] [ERROR] Failed to load resource: net::ERR_INSUFFICIENT_RESOURCES @ http://localhost:5261/api/v1/admin/typography:0
[   49509ms] [ERROR] Failed to load resource: net::ERR_INSUFFICIENT_RESOURCES @ http://localhost:5261/api/v1/admin/typography:0
[   49509ms] [ERROR] Failed to load resource: net::ERR_INSUFFICIENT_RESOURCES @ http://localhost:5261/api/v1/admin/typography:0
[   49511ms] [ERROR] Failed to load resource: net::ERR_INSUFFICIENT_RESOURCES @ http://localhost:5261/api/v1/admin/typography:0
[   49514ms] [ERROR] Failed to load resource: net::ERR_INSUFFICIENT_RESOURCES @ http://localhost:5261/api/v1/admin/typography:0
[   49514ms] [ERROR] Failed to load resource: net::ERR_INSUFFICIENT_RESOURCES @ http://localhost:5261/api/v1/admin/typography:0
[   49515ms] [ERROR] Failed to load resource: net::ERR_INSUFFICIENT_RESOURCES @ http://localhost:5261/api/v1/admin/typography:0
[   49523ms] [ERROR] Failed to load resource: net::ERR_INSUFFICIENT_RESOURCES @ http://localhost:5261/api/v1/admin/typography:0
[   49523ms] [ERROR] Failed to load resource: net::ERR_INSUFFICIENT_RESOURCES @ http://localhost:5261/api/v1/admin/typography:0
[   49524ms] [ERROR] Failed to load resource: net::ERR_INSUFFICIENT_RESOURCES @ http://localhost:5261/api/v1/admin/typography:0
[   49524ms] [ERROR] Failed to load resource: net::ERR_INSUFFICIENT_RESOURCES @ http://localhost:5261/api/v1/admin/typography:0
[   49526ms] [ERROR] Failed to load resource: net::ERR_INSUFFICIENT_RESOURCES @ http://localhost:5261/api/v1/admin/typography:0
[   49527ms] [ERROR] Failed to load resource: net::ERR_INSUFFICIENT_RESOURCES @ http://localhost:5261/api/v1/admin/typography:0
[   49528ms] [ERROR] Failed to load resource: net::ERR_INSUFFICIENT_RESOURCES @ http://localhost:5261/api/v1/admin/typography:0
[   49532ms] [ERROR] Failed to load resource: net::ERR_INSUFFICIENT_RESOURCES @ http://localhost:5261/api/v1/admin/typography:0
[   49533ms] [ERROR] Failed to load resource: net::ERR_INSUFFICIENT_RESOURCES @ http://localhost:5261/api/v1/admin/typography:0
[   49534ms] [ERROR] Failed to load resource: net::ERR_INSUFFICIENT_RESOURCES @ http://localhost:5261/api/v1/admin/typography:0
[   49541ms] [ERROR] Failed to load resource: net::ERR_INSUFFICIENT_RESOURCES @ http://localhost:5261/api/v1/admin/typography:0
[   49541ms] [ERROR] Failed to load resource: net::ERR_INSUFFICIENT_RESOURCES @ http://localhost:5261/api/v1/admin/typography:0
[   49543ms] [ERROR] Failed to load resource: net::ERR_INSUFFICIENT_RESOURCES @ http://localhost:5261/api/v1/admin/typography:0
[   49543ms] [ERROR] Failed to load resource: net::ERR_INSUFFICIENT_RESOURCES @ http://localhost:5261/api/v1/admin/typography:0
[   49544ms] [ERROR] Failed to load resource: net::ERR_INSUFFICIENT_RESOURCES @ http://localhost:5261/api/v1/admin/typography:0
[   49546ms] [ERROR] Failed to load resource: net::ERR_INSUFFICIENT_RESOURCES @ http://localhost:5261/api/v1/admin/typography:0
[   49546ms] [ERROR] Failed to load resource: net::ERR_INSUFFICIENT_RESOURCES @ http://localhost:5261/api/v1/admin/typography:0
[   49547ms] [ERROR] Failed to load resource: net::ERR_INSUFFICIENT_RESOURCES @ http://localhost:5261/api/v1/admin/typography:0
[   49550ms] [ERROR] Failed to load resource: net::ERR_INSUFFICIENT_RESOURCES @ http://localhost:5261/api/v1/admin/typography:0
[   49550ms] [ERROR] Failed to load resource: net::ERR_INSUFFICIENT_RESOURCES @ http://localhost:5261/api/v1/admin/typography:0
[   49551ms] [ERROR] Failed to load resource: net::ERR_INSUFFICIENT_RESOURCES @ http://localhost:5261/api/v1/admin/typography:0
[   49553ms] [ERROR] Failed to load resource: net::ERR_INSUFFICIENT_RESOURCES @ http://localhost:5261/api/v1/admin/typography:0
[   49553ms] [ERROR] Failed to load resource: net::ERR_INSUFFICIENT_RESOURCES @ http://localhost:5261/api/v1/admin/typography:0
[   49555ms] [ERROR] Failed to load resource: net::ERR_INSUFFICIENT_RESOURCES @ http://localhost:5261/api/v1/admin/typography:0
[   49555ms] [ERROR] Failed to load resource: net::ERR_INSUFFICIENT_RESOURCES @ http://localhost:5261/api/v1/admin/typography:0
[   49555ms] [ERROR] Failed to load resource: net::ERR_INSUFFICIENT_RESOURCES @ http://localhost:5261/api/v1/admin/typography:0
[   49557ms] [ERROR] Failed to load resource: net::ERR_INSUFFICIENT_RESOURCES @ http://localhost:5261/api/v1/admin/typography:0
[   49557ms] [ERROR] Failed to load resource: net::ERR_INSUFFICIENT_RESOURCES @ http://localhost:5261/api/v1/admin/typography:0
[   49557ms] [ERROR] Failed to load resource: net::ERR_INSUFFICIENT_RESOURCES @ http://localhost:5261/api/v1/admin/typography:0
[   49560ms] [ERROR] Failed to load resource: net::ERR_INSUFFICIENT_RESOURCES @ http://localhost:5261/api/v1/admin/typography:0
[   49560ms] [ERROR] Failed to load resource: net::ERR_INSUFFICIENT_RESOURCES @ http://localhost:5261/api/v1/admin/typography:0
[   49564ms] [ERROR] Failed to load resource: net::ERR_INSUFFICIENT_RESOURCES @ http://localhost:5261/api/v1/admin/typography:0
[   49564ms] [ERROR] Failed to load resource: net::ERR_INSUFFICIENT_RESOURCES @ http://localhost:5261/api/v1/admin/typography:0
[   49564ms] [ERROR] Failed to load resource: net::ERR_INSUFFICIENT_RESOURCES @ http://localhost:5261/api/v1/admin/typography:0
[   49565ms] [ERROR] Failed to load resource: net::ERR_INSUFFICIENT_RESOURCES @ http://localhost:5261/api/v1/admin/typography:0
[   49565ms] [ERROR] Failed to load resource: net::ERR_INSUFFICIENT_RESOURCES @ http://localhost:5261/api/v1/admin/typography:0
[   49565ms] [ERROR] Failed to load resource: net::ERR_INSUFFICIENT_RESOURCES @ http://localhost:5261/api/v1/admin/typography:0
[   49567ms] [ERROR] Failed to load resource: net::ERR_INSUFFICIENT_RESOURCES @ http://localhost:5261/api/v1/admin/typography:0
[   49567ms] [ERROR] Failed to load resource: net::ERR_INSUFFICIENT_RESOURCES @ http://localhost:5261/api/v1/admin/typography:0
[   49567ms] [ERROR] Failed to load resource: net::ERR_INSUFFICIENT_RESOURCES @ http://localhost:5261/api/v1/admin/typography:0
[   49572ms] [ERROR] Failed to load resource: net::ERR_INSUFFICIENT_RESOURCES @ http://localhost:5261/api/v1/admin/typography:0
[   49572ms] [ERROR] Failed to load resource: net::ERR_INSUFFICIENT_RESOURCES @ http://localhost:5261/api/v1/admin/typography:0
[   49572ms] [ERROR] Failed to load resource: net::ERR_INSUFFICIENT_RESOURCES @ http://localhost:5261/api/v1/admin/typography:0
[   49572ms] [ERROR] Failed to load resource: net::ERR_INSUFFICIENT_RESOURCES @ http://localhost:5261/api/v1/admin/typography:0
[   49573ms] [ERROR] Failed to load resource: net::ERR_INSUFFICIENT_RESOURCES @ http://localhost:5261/api/v1/admin/typography:0
[   49574ms] [ERROR] Failed to load resource: net::ERR_INSUFFICIENT_RESOURCES @ http://localhost:5261/api/v1/admin/typography:0
[   49574ms] [ERROR] Failed to load resource: net::ERR_INSUFFICIENT_RESOURCES @ http://localhost:5261/api/v1/admin/typography:0
[   49578ms] [ERROR] Failed to load resource: net::ERR_INSUFFICIENT_RESOURCES @ http://localhost:5261/api/v1/admin/typography:0
[   49578ms] [ERROR] Maximum update depth exceeded. This can happen when a component calls setState inside useEffect, but useEffect either doesn't have a dependency array, or one of the dependencies changes on every render. @ http://localhost:3000/_next/static/chunks/node_modules_next_dist_1e8vcs8._.js:1052
[   49578ms] [ERROR] Failed to load resource: net::ERR_INSUFFICIENT_RESOURCES @ http://localhost:5261/api/v1/admin/typography:0
[   49578ms] [ERROR] Failed to load resource: net::ERR_INSUFFICIENT_RESOURCES @ http://localhost:5261/api/v1/admin/typography:0
[   49578ms] [ERROR] Failed to load resource: net::ERR_INSUFFICIENT_RESOURCES @ http://localhost:5261/api/v1/admin/typography:0
[   49578ms] [ERROR] Failed to load resource: net::ERR_INSUFFICIENT_RESOURCES @ http://localhost:5261/api/v1/admin/typography:0
[   49581ms] [ERROR] Failed to load resource: net::ERR_INSUFFICIENT_RESOURCES @ http://localhost:5261/api/v1/admin/typography:0
[   49581ms] [ERROR] Failed to load resource: net::ERR_INSUFFICIENT_RESOURCES @ http://localhost:5261/api/v1/admin/typography:0
[   49581ms] [ERROR] Failed to load resource: net::ERR_INSUFFICIENT_RESOURCES @ http://localhost:5261/api/v1/admin/typography:0
[   49587ms] [ERROR] Failed to load resource: net::ERR_INSUFFICIENT_RESOURCES @ http://localhost:5261/api/v1/admin/typography:0
[   49587ms] [ERROR] Failed to load resource: net::ERR_INSUFFICIENT_RESOURCES @ http://localhost:5261/api/v1/admin/typography:0
[   49587ms] [ERROR] Failed to load resource: net::ERR_INSUFFICIENT_RESOURCES @ http://localhost:5261/api/v1/admin/typography:0
[   49587ms] [ERROR] Failed to load resource: net::ERR_INSUFFICIENT_RESOURCES @ http://localhost:5261/api/v1/admin/typography:0
[   49592ms] [ERROR] Failed to load resource: net::ERR_INSUFFICIENT_RESOURCES @ http://localhost:5261/api/v1/admin/typography:0
[   49592ms] [ERROR] Failed to load resource: net::ERR_INSUFFICIENT_RESOURCES @ http://localhost:5261/api/v1/admin/typography:0
[   49592ms] [ERROR] Failed to load resource: net::ERR_INSUFFICIENT_RESOURCES @ http://localhost:5261/api/v1/admin/typography:0
[   49595ms] [ERROR] Failed to load resource: net::ERR_INSUFFICIENT_RESOURCES @ http://localhost:5261/api/v1/admin/typography:0
[   49596ms] [ERROR] Failed to load resource: net::ERR_INSUFFICIENT_RESOURCES @ http://localhost:5261/api/v1/admin/typography:0
[   49602ms] [ERROR] Failed to load resource: net::ERR_INSUFFICIENT_RESOURCES @ http://localhost:5261/api/v1/admin/typography:0
[   49604ms] [ERROR] Failed to load resource: net::ERR_INSUFFICIENT_RESOURCES @ http://localhost:5261/api/v1/admin/typography:0
[   49606ms] [ERROR] Failed to load resource: net::ERR_INSUFFICIENT_RESOURCES @ http://localhost:5261/api/v1/admin/typography:0
[   49606ms] [ERROR] Failed to load resource: net::ERR_INSUFFICIENT_RESOURCES @ http://localhost:5261/api/v1/admin/typography:0
[   49606ms] [ERROR] Failed to load resource: net::ERR_INSUFFICIENT_RESOURCES @ http://localhost:5261/api/v1/admin/typography:0
[   49608ms] [ERROR] Failed to load resource: net::ERR_INSUFFICIENT_RESOURCES @ http://localhost:5261/api/v1/admin/typography:0
[   49610ms] [ERROR] Failed to load resource: net::ERR_INSUFFICIENT_RESOURCES @ http://localhost:5261/api/v1/admin/typography:0
[   49611ms] [ERROR] Failed to load resource: net::ERR_INSUFFICIENT_RESOURCES @ http://localhost:5261/api/v1/admin/typography:0
[   49611ms] [ERROR] Failed to load resource: net::ERR_INSUFFICIENT_RESOURCES @ http://localhost:5261/api/v1/admin/typography:0
[   49616ms] [ERROR] Failed to load resource: net::ERR_INSUFFICIENT_RESOURCES @ http://localhost:5261/api/v1/admin/typography:0
[   49616ms] [ERROR] Failed to load resource: net::ERR_INSUFFICIENT_RESOURCES @ http://localhost:5261/api/v1/admin/typography:0
[   49616ms] [ERROR] Failed to load resource: net::ERR_INSUFFICIENT_RESOURCES @ http://localhost:5261/api/v1/admin/typography:0
[   49618ms] [ERROR] Failed to load resource: net::ERR_INSUFFICIENT_RESOURCES @ http://localhost:5261/api/v1/admin/typography:0
[   49618ms] [ERROR] Failed to load resource: net::ERR_INSUFFICIENT_RESOURCES @ http://localhost:5261/api/v1/admin/typography:0
[   49618ms] [ERROR] Failed to load resource: net::ERR_INSUFFICIENT_RESOURCES @ http://localhost:5261/api/v1/admin/typography:0
[   49621ms] [ERROR] Failed to load resource: net::ERR_INSUFFICIENT_RESOURCES @ http://localhost:5261/api/v1/admin/typography:0
[   49621ms] [ERROR] Failed to load resource: net::ERR_INSUFFICIENT_RESOURCES @ http://localhost:5261/api/v1/admin/typography:0
[   49621ms] [ERROR] Failed to load resource: net::ERR_INSUFFICIENT_RESOURCES @ http://localhost:5261/api/v1/admin/typography:0
[   49625ms] [ERROR] Failed to load resource: net::ERR_INSUFFICIENT_RESOURCES @ http://localhost:5261/api/v1/admin/typography:0
[   49625ms] [ERROR] Failed to load resource: net::ERR_INSUFFICIENT_RESOURCES @ http://localhost:5261/api/v1/admin/typography:0
[   49625ms] [ERROR] Failed to load resource: net::ERR_INSUFFICIENT_RESOURCES @ http://localhost:5261/api/v1/admin/typography:0
[   49625ms] [ERROR] Failed to load resource: net::ERR_INSUFFICIENT_RESOURCES @ http://localhost:5261/api/v1/admin/typography:0
[   49625ms] [ERROR] Failed to load resource: net::ERR_INSUFFICIENT_RESOURCES @ http://localhost:5261/api/v1/admin/typography:0
[   49627ms] [ERROR] Failed to load resource: net::ERR_INSUFFICIENT_RESOURCES @ http://localhost:5261/api/v1/admin/typography:0
[   49628ms] [ERROR] Failed to load resource: net::ERR_INSUFFICIENT_RESOURCES @ http://localhost:5261/api/v1/admin/typography:0
[   49628ms] [ERROR] Failed to load resource: net::ERR_INSUFFICIENT_RESOURCES @ http://localhost:5261/api/v1/admin/typography:0
[   49631ms] [ERROR] Failed to load resource: net::ERR_INSUFFICIENT_RESOURCES @ http://localhost:5261/api/v1/admin/typography:0
[   49631ms] [ERROR] Failed to load resource: net::ERR_INSUFFICIENT_RESOURCES @ http://localhost:5261/api/v1/admin/typography:0
[   49632ms] [ERROR] Failed to load resource: net::ERR_INSUFFICIENT_RESOURCES @ http://localhost:5261/api/v1/admin/typography:0
[   49632ms] [ERROR] Failed to load resource: net::ERR_INSUFFICIENT_RESOURCES @ http://localhost:5261/api/v1/admin/typography:0
[   49634ms] [ERROR] Failed to load resource: net::ERR_INSUFFICIENT_RESOURCES @ http://localhost:5261/api/v1/admin/typography:0
[   49634ms] [ERROR] Failed to load resource: net::ERR_INSUFFICIENT_RESOURCES @ http://localhost:5261/api/v1/admin/typography:0
[   49634ms] [ERROR] Failed to load resource: net::ERR_INSUFFICIENT_RESOURCES @ http://localhost:5261/api/v1/admin/typography:0
[   49634ms] [ERROR] Failed to load resource: net::ERR_INSUFFICIENT_RESOURCES @ http://localhost:5261/api/v1/admin/typography:0
[   49638ms] [ERROR] Failed to load resource: net::ERR_INSUFFICIENT_RESOURCES @ http://localhost:5261/api/v1/admin/typography:0
[   49638ms] [ERROR] Failed to load resource: net::ERR_INSUFFICIENT_RESOURCES @ http://localhost:5261/api/v1/admin/typography:0
[   49638ms] [ERROR] Failed to load resource: net::ERR_INSUFFICIENT_RESOURCES @ http://localhost:5261/api/v1/admin/typography:0
[   49638ms] [ERROR] Failed to load resource: net::ERR_INSUFFICIENT_RESOURCES @ http://localhost:5261/api/v1/admin/typography:0
[   49641ms] [ERROR] Failed to load resource: net::ERR_INSUFFICIENT_RESOURCES @ http://localhost:5261/api/v1/admin/typography:0
[   49641ms] [ERROR] Failed to load resource: net::ERR_INSUFFICIENT_RESOURCES @ http://localhost:5261/api/v1/admin/typography:0
[   49641ms] [ERROR] Failed to load resource: net::ERR_INSUFFICIENT_RESOURCES @ http://localhost:5261/api/v1/admin/typography:0
[   49641ms] [ERROR] Failed to load resource: net::ERR_INSUFFICIENT_RESOURCES @ http://localhost:5261/api/v1/admin/typography:0
[   49644ms] [ERROR] Failed to load resource: net::ERR_INSUFFICIENT_RESOURCES @ http://localhost:5261/api/v1/admin/typography:0
[   49644ms] [ERROR] Failed to load resource: net::ERR_INSUFFICIENT_RESOURCES @ http://localhost:5261/api/v1/admin/typography:0
[   49644ms] [ERROR] Failed to load resource: net::ERR_INSUFFICIENT_RESOURCES @ http://localhost:5261/api/v1/admin/typography:0
[   49644ms] [ERROR] Failed to load resource: net::ERR_INSUFFICIENT_RESOURCES @ http://localhost:5261/api/v1/admin/typography:0
[   49647ms] [ERROR] Failed to load resource: net::ERR_INSUFFICIENT_RESOURCES @ http://localhost:5261/api/v1/admin/typography:0
[   49647ms] [ERROR] Failed to load resource: net::ERR_INSUFFICIENT_RESOURCES @ http://localhost:5261/api/v1/admin/typography:0
[   49647ms] [ERROR] Failed to load resource: net::ERR_INSUFFICIENT_RESOURCES @ http://localhost:5261/api/v1/admin/typography:0
[   49647ms] [ERROR] Failed to load resource: net::ERR_INSUFFICIENT_RESOURCES @ http://localhost:5261/api/v1/admin/typography:0
[   49650ms] [ERROR] Failed to load resource: net::ERR_INSUFFICIENT_RESOURCES @ http://localhost:5261/api/v1/admin/typography:0
[   49650ms] [ERROR] Failed to load resource: net::ERR_INSUFFICIENT_RESOURCES @ http://localhost:5261/api/v1/admin/typography:0
[   49650ms] [ERROR] Failed to load resource: net::ERR_INSUFFICIENT_RESOURCES @ http://localhost:5261/api/v1/admin/typography:0
[   49650ms] [ERROR] Failed to load resource: net::ERR_INSUFFICIENT_RESOURCES @ http://localhost:5261/api/v1/admin/typography:0
[   49656ms] [ERROR] Failed to load resource: net::ERR_INSUFFICIENT_RESOURCES @ http://localhost:5261/api/v1/admin/typography:0
[   49656ms] [ERROR] Failed to load resource: net::ERR_INSUFFICIENT_RESOURCES @ http://localhost:5261/api/v1/admin/typography:0
[   49661ms] [ERROR] Failed to load resource: net::ERR_INSUFFICIENT_RESOURCES @ http://localhost:5261/api/v1/admin/typography:0
[   49661ms] [ERROR] Failed to load resource: net::ERR_INSUFFICIENT_RESOURCES @ http://localhost:5261/api/v1/admin/typography:0
[   49661ms] [ERROR] Failed to load resource: net::ERR_INSUFFICIENT_RESOURCES @ http://localhost:5261/api/v1/admin/typography:0
[   49665ms] [ERROR] Failed to load resource: net::ERR_INSUFFICIENT_RESOURCES @ http://localhost:5261/api/v1/admin/typography:0
[   49665ms] [ERROR] Failed to load resource: net::ERR_INSUFFICIENT_RESOURCES @ http://localhost:5261/api/v1/admin/typography:0
[   49667ms] [ERROR] Failed to load resource: net::ERR_INSUFFICIENT_RESOURCES @ http://localhost:5261/api/v1/admin/typography:0
[   49667ms] [ERROR] Failed to load resource: net::ERR_INSUFFICIENT_RESOURCES @ http://localhost:5261/api/v1/admin/typography:0
[   49667ms] [ERROR] Failed to load resource: net::ERR_INSUFFICIENT_RESOURCES @ http://localhost:5261/api/v1/admin/typography:0
[   49670ms] [ERROR] Failed to load resource: net::ERR_INSUFFICIENT_RESOURCES @ http://localhost:5261/api/v1/admin/typography:0
[   49671ms] [ERROR] Failed to load resource: net::ERR_INSUFFICIENT_RESOURCES @ http://localhost:5261/api/v1/admin/typography:0
[   49671ms] [ERROR] Failed to load resource: net::ERR_INSUFFICIENT_RESOURCES @ http://localhost:5261/api/v1/admin/typography:0
[   49671ms] [ERROR] Failed to load resource: net::ERR_INSUFFICIENT_RESOURCES @ http://localhost:5261/api/v1/admin/typography:0
[   49674ms] [ERROR] Failed to load resource: net::ERR_INSUFFICIENT_RESOURCES @ http://localhost:5261/api/v1/admin/typography:0
[   49674ms] [ERROR] Failed to load resource: net::ERR_INSUFFICIENT_RESOURCES @ http://localhost:5261/api/v1/admin/typography:0
[   49674ms] [ERROR] Failed to load resource: net::ERR_INSUFFICIENT_RESOURCES @ http://localhost:5261/api/v1/admin/typography:0
[   49674ms] [ERROR] Failed to load resource: net::ERR_INSUFFICIENT_RESOURCES @ http://localhost:5261/api/v1/admin/typography:0
[   49677ms] [ERROR] Failed to load resource: net::ERR_INSUFFICIENT_RESOURCES @ http://localhost:5261/api/v1/admin/typography:0
[   49677ms] [ERROR] Failed to load resource: net::ERR_INSUFFICIENT_RESOURCES @ http://localhost:5261/api/v1/admin/typography:0
[   49677ms] [ERROR] Failed to load resource: net::ERR_INSUFFICIENT_RESOURCES @ http://localhost:5261/api/v1/admin/typography:0
[   49677ms] [ERROR] Failed to load resource: net::ERR_INSUFFICIENT_RESOURCES @ http://localhost:5261/api/v1/admin/typography:0
[   49681ms] [ERROR] Failed to load resource: net::ERR_INSUFFICIENT_RESOURCES @ http://localhost:5261/api/v1/admin/typography:0
[   49681ms] [ERROR] Failed to load resource: net::ERR_INSUFFICIENT_RESOURCES @ http://localhost:5261/api/v1/admin/typography:0
[   49681ms] [ERROR] Failed to load resource: net::ERR_INSUFFICIENT_RESOURCES @ http://localhost:5261/api/v1/admin/typography:0
[   49682ms] [ERROR] Failed to load resource: net::ERR_INSUFFICIENT_RESOURCES @ http://localhost:5261/api/v1/admin/typography:0
[   49685ms] [ERROR] Failed to load resource: net::ERR_INSUFFICIENT_RESOURCES @ http://localhost:5261/api/v1/admin/typography:0
[   49685ms] [ERROR] Failed to load resource: net::ERR_INSUFFICIENT_RESOURCES @ http://localhost:5261/api/v1/admin/typography:0
[   49685ms] [ERROR] Failed to load resource: net::ERR_INSUFFICIENT_RESOURCES @ http://localhost:5261/api/v1/admin/typography:0
[   49685ms] [ERROR] Failed to load resource: net::ERR_INSUFFICIENT_RESOURCES @ http://localhost:5261/api/v1/admin/typography:0
[   49690ms] [ERROR] Failed to load resource: net::ERR_INSUFFICIENT_RESOURCES @ http://localhost:5261/api/v1/admin/typography:0
[   49690ms] [ERROR] Failed to load resource: net::ERR_INSUFFICIENT_RESOURCES @ http://localhost:5261/api/v1/admin/typography:0
[   49690ms] [ERROR] Failed to load resource: net::ERR_INSUFFICIENT_RESOURCES @ http://localhost:5261/api/v1/admin/typography:0
[   49690ms] [ERROR] Failed to load resource: net::ERR_INSUFFICIENT_RESOURCES @ http://localhost:5261/api/v1/admin/typography:0
[   49693ms] [ERROR] Failed to load resource: net::ERR_INSUFFICIENT_RESOURCES @ http://localhost:5261/api/v1/admin/typography:0
[   49693ms] [ERROR] Failed to load resource: net::ERR_INSUFFICIENT_RESOURCES @ http://localhost:5261/api/v1/admin/typography:0
[   49694ms] [ERROR] Failed to load resource: net::ERR_INSUFFICIENT_RESOURCES @ http://localhost:5261/api/v1/admin/typography:0
[   49694ms] [ERROR] Failed to load resource: net::ERR_INSUFFICIENT_RESOURCES @ http://localhost:5261/api/v1/admin/typography:0
[   49699ms] [ERROR] Failed to load resource: net::ERR_INSUFFICIENT_RESOURCES @ http://localhost:5261/api/v1/admin/typography:0
[   49699ms] [ERROR] Failed to load resource: net::ERR_INSUFFICIENT_RESOURCES @ http://localhost:5261/api/v1/admin/typography:0
[   49699ms] [ERROR] Failed to load resource: net::ERR_INSUFFICIENT_RESOURCES @ http://localhost:5261/api/v1/admin/typography:0
[   49703ms] [ERROR] Failed to load resource: net::ERR_INSUFFICIENT_RESOURCES @ http://localhost:5261/api/v1/admin/typography:0
[   49704ms] [ERROR] Failed to load resource: net::ERR_INSUFFICIENT_RESOURCES @ http://localhost:5261/api/v1/admin/typography:0
[   49704ms] [ERROR] Failed to load resource: net::ERR_INSUFFICIENT_RESOURCES @ http://localhost:5261/api/v1/admin/typography:0
[   49704ms] [ERROR] Failed to load resource: net::ERR_INSUFFICIENT_RESOURCES @ http://localhost:5261/api/v1/admin/typography:0
[   49707ms] [ERROR] Failed to load resource: net::ERR_INSUFFICIENT_RESOURCES @ http://localhost:5261/api/v1/admin/typography:0
[   49707ms] [ERROR] Failed to load resource: net::ERR_INSUFFICIENT_RESOURCES @ http://localhost:5261/api/v1/admin/typography:0
[   49711ms] [ERROR] Failed to load resource: net::ERR_INSUFFICIENT_RESOURCES @ http://localhost:5261/api/v1/admin/typography:0
[   49711ms] [ERROR] Failed to load resource: net::ERR_INSUFFICIENT_RESOURCES @ http://localhost:5261/api/v1/admin/typography:0
[   49711ms] [ERROR] Failed to load resource: net::ERR_INSUFFICIENT_RESOURCES @ http://localhost:5261/api/v1/admin/typography:0
[   49717ms] [ERROR] Failed to load resource: net::ERR_INSUFFICIENT_RESOURCES @ http://localhost:5261/api/v1/admin/typography:0
[   49718ms] [ERROR] Failed to load resource: net::ERR_INSUFFICIENT_RESOURCES @ http://localhost:5261/api/v1/admin/typography:0
[   49722ms] [ERROR] Failed to load resource: net::ERR_INSUFFICIENT_RESOURCES @ http://localhost:5261/api/v1/admin/typography:0
[   49722ms] [ERROR] Failed to load resource: net::ERR_INSUFFICIENT_RESOURCES @ http://localhost:5261/api/v1/admin/typography:0
[   49722ms] [ERROR] Failed to load resource: net::ERR_INSUFFICIENT_RESOURCES @ http://localhost:5261/api/v1/admin/typography:0
[   49726ms] [ERROR] Failed to load resource: net::ERR_INSUFFICIENT_RESOURCES @ http://localhost:5261/api/v1/admin/typography:0
[   49726ms] [ERROR] Failed to load resource: net::ERR_INSUFFICIENT_RESOURCES @ http://localhost:5261/api/v1/admin/typography:0
[   49726ms] [ERROR] Failed to load resource: net::ERR_INSUFFICIENT_RESOURCES @ http://localhost:5261/api/v1/admin/typography:0
[   49729ms] [ERROR] Failed to load resource: net::ERR_INSUFFICIENT_RESOURCES @ http://localhost:5261/api/v1/admin/typography:0
[   49729ms] [ERROR] Failed to load resource: net::ERR_INSUFFICIENT_RESOURCES @ http://localhost:5261/api/v1/admin/typography:0
[   49729ms] [ERROR] Failed to load resource: net::ERR_INSUFFICIENT_RESOURCES @ http://localhost:5261/api/v1/admin/typography:0
[   49732ms] [ERROR] Failed to load resource: net::ERR_INSUFFICIENT_RESOURCES @ http://localhost:5261/api/v1/admin/typography:0
[   49732ms] [ERROR] Failed to load resource: net::ERR_INSUFFICIENT_RESOURCES @ http://localhost:5261/api/v1/admin/typography:0
[   49732ms] [ERROR] Failed to load resource: net::ERR_INSUFFICIENT_RESOURCES @ http://localhost:5261/api/v1/admin/typography:0
[   49734ms] [ERROR] Failed to load resource: net::ERR_INSUFFICIENT_RESOURCES @ http://localhost:5261/api/v1/admin/typography:0
[   49734ms] [ERROR] Failed to load resource: net::ERR_INSUFFICIENT_RESOURCES @ http://localhost:5261/api/v1/admin/typography:0
[   49734ms] [ERROR] Failed to load resource: net::ERR_INSUFFICIENT_RESOURCES @ http://localhost:5261/api/v1/admin/typography:0
[   49737ms] [ERROR] Failed to load resource: net::ERR_INSUFFICIENT_RESOURCES @ http://localhost:5261/api/v1/admin/typography:0
[   49737ms] [ERROR] Failed to load resource: net::ERR_INSUFFICIENT_RESOURCES @ http://localhost:5261/api/v1/admin/typography:0
[   49739ms] [ERROR] Failed to load resource: net::ERR_INSUFFICIENT_RESOURCES @ http://localhost:5261/api/v1/admin/typography:0
[   49740ms] [ERROR] Failed to load resource: net::ERR_INSUFFICIENT_RESOURCES @ http://localhost:5261/api/v1/admin/typography:0
[   49740ms] [ERROR] Failed to load resource: net::ERR_INSUFFICIENT_RESOURCES @ http://localhost:5261/api/v1/admin/typography:0
[   49740ms] [ERROR] Failed to load resource: net::ERR_INSUFFICIENT_RESOURCES @ http://localhost:5261/api/v1/admin/typography:0
[   49741ms] [ERROR] Failed to load resource: net::ERR_INSUFFICIENT_RESOURCES @ http://localhost:5261/api/v1/admin/typography:0
[   49741ms] [ERROR] Failed to load resource: net::ERR_INSUFFICIENT_RESOURCES @ http://localhost:5261/api/v1/admin/typography:0
[   49743ms] [ERROR] Failed to load resource: net::ERR_INSUFFICIENT_RESOURCES @ http://localhost:5261/api/v1/admin/typography:0
[   49743ms] [ERROR] Maximum update depth exceeded. This can happen when a component calls setState inside useEffect, but useEffect either doesn't have a dependency array, or one of the dependencies changes on every render. @ http://localhost:3000/_next/static/chunks/node_modules_next_dist_1e8vcs8._.js:1052
[   49743ms] [ERROR] Failed to load resource: net::ERR_INSUFFICIENT_RESOURCES @ http://localhost:5261/api/v1/admin/typography:0
[   49744ms] [ERROR] Failed to load resource: net::ERR_INSUFFICIENT_RESOURCES @ http://localhost:5261/api/v1/admin/typography:0
[   49746ms] [ERROR] Failed to load resource: net::ERR_INSUFFICIENT_RESOURCES @ http://localhost:5261/api/v1/admin/typography:0
[   49746ms] [ERROR] Failed to load resource: net::ERR_INSUFFICIENT_RESOURCES @ http://localhost:5261/api/v1/admin/typography:0
[   49746ms] [ERROR] Failed to load resource: net::ERR_INSUFFICIENT_RESOURCES @ http://localhost:5261/api/v1/admin/typography:0
[   49750ms] [ERROR] Failed to load resource: net::ERR_INSUFFICIENT_RESOURCES @ http://localhost:5261/api/v1/admin/typography:0
[   49751ms] [ERROR] Failed to load resource: net::ERR_INSUFFICIENT_RESOURCES @ http://localhost:5261/api/v1/admin/typography:0
[   49751ms] [ERROR] Failed to load resource: net::ERR_INSUFFICIENT_RESOURCES @ http://localhost:5261/api/v1/admin/typography:0
[   49753ms] [ERROR] Failed to load resource: net::ERR_INSUFFICIENT_RESOURCES @ http://localhost:5261/api/v1/admin/typography:0
[   49753ms] [ERROR] Failed to load resource: net::ERR_INSUFFICIENT_RESOURCES @ http://localhost:5261/api/v1/admin/typography:0
[   49753ms] [ERROR] Failed to load resource: net::ERR_INSUFFICIENT_RESOURCES @ http://localhost:5261/api/v1/admin/typography:0
[   49757ms] [ERROR] Failed to load resource: net::ERR_INSUFFICIENT_RESOURCES @ http://localhost:5261/api/v1/admin/typography:0
[   49757ms] [ERROR] Failed to load resource: net::ERR_INSUFFICIENT_RESOURCES @ http://localhost:5261/api/v1/admin/typography:0
[   49758ms] [ERROR] Failed to load resource: net::ERR_INSUFFICIENT_RESOURCES @ http://localhost:5261/api/v1/admin/typography:0
[   49761ms] [ERROR] Failed to load resource: net::ERR_INSUFFICIENT_RESOURCES @ http://localhost:5261/api/v1/admin/typography:0
[   49761ms] [ERROR] Failed to load resource: net::ERR_INSUFFICIENT_RESOURCES @ http://localhost:5261/api/v1/admin/typography:0
[   49761ms] [ERROR] Failed to load resource: net::ERR_INSUFFICIENT_RESOURCES @ http://localhost:5261/api/v1/admin/typography:0
[   49764ms] [ERROR] Failed to load resource: net::ERR_INSUFFICIENT_RESOURCES @ http://localhost:5261/api/v1/admin/typography:0
[   49765ms] [ERROR] Failed to load resource: net::ERR_INSUFFICIENT_RESOURCES @ http://localhost:5261/api/v1/admin/typography:0
[   49770ms] [ERROR] Failed to load resource: net::ERR_INSUFFICIENT_RESOURCES @ http://localhost:5261/api/v1/admin/typography:0
[   49770ms] [ERROR] Failed to load resource: net::ERR_INSUFFICIENT_RESOURCES @ http://localhost:5261/api/v1/admin/typography:0
[   49774ms] [ERROR] Failed to load resource: net::ERR_INSUFFICIENT_RESOURCES @ http://localhost:5261/api/v1/admin/typography:0
[   49774ms] [ERROR] Failed to load resource: net::ERR_INSUFFICIENT_RESOURCES @ http://localhost:5261/api/v1/admin/typography:0
[   49775ms] [ERROR] Failed to load resource: net::ERR_INSUFFICIENT_RESOURCES @ http://localhost:5261/api/v1/admin/typography:0
[   49777ms] [ERROR] Failed to load resource: net::ERR_INSUFFICIENT_RESOURCES @ http://localhost:5261/api/v1/admin/typography:0
[   49777ms] [ERROR] Failed to load resource: net::ERR_INSUFFICIENT_RESOURCES @ http://localhost:5261/api/v1/admin/typography:0
[   49779ms] [ERROR] Failed to load resource: net::ERR_INSUFFICIENT_RESOURCES @ http://localhost:5261/api/v1/admin/typography:0
[   49780ms] [ERROR] Failed to load resource: net::ERR_INSUFFICIENT_RESOURCES @ http://localhost:5261/api/v1/admin/typography:0
[   49780ms] [ERROR] Failed to load resource: net::ERR_INSUFFICIENT_RESOURCES @ http://localhost:5261/api/v1/admin/typography:0
[   49780ms] [ERROR] Failed to load resource: net::ERR_INSUFFICIENT_RESOURCES @ http://localhost:5261/api/v1/admin/typography:0
[   49783ms] [ERROR] Failed to load resource: net::ERR_INSUFFICIENT_RESOURCES @ http://localhost:5261/api/v1/admin/typography:0
[   49788ms] [ERROR] Failed to load resource: net::ERR_INSUFFICIENT_RESOURCES @ http://localhost:5261/api/v1/admin/typography:0
[   49788ms] [ERROR] Failed to load resource: net::ERR_INSUFFICIENT_RESOURCES @ http://localhost:5261/api/v1/admin/typography:0
[   49789ms] [ERROR] Failed to load resource: net::ERR_INSUFFICIENT_RESOURCES @ http://localhost:5261/api/v1/admin/typography:0
[   49789ms] [ERROR] Failed to load resource: net::ERR_INSUFFICIENT_RESOURCES @ http://localhost:5261/api/v1/admin/typography:0
[   49841ms] [ERROR] Failed to load resource: net::ERR_INSUFFICIENT_RESOURCES @ http://localhost:5261/api/v1/admin/typography:0
[   49850ms] [ERROR] Failed to load resource: net::ERR_INSUFFICIENT_RESOURCES @ http://localhost:5261/api/v1/admin/typography:0
[   49850ms] [ERROR] Failed to load resource: net::ERR_INSUFFICIENT_RESOURCES @ http://localhost:5261/api/v1/admin/typography:0
[   49850ms] [ERROR] Failed to load resource: net::ERR_INSUFFICIENT_RESOURCES @ http://localhost:5261/api/v1/admin/typography:0
[   49850ms] [ERROR] Failed to load resource: net::ERR_INSUFFICIENT_RESOURCES @ http://localhost:5261/api/v1/admin/typography:0
[   49850ms] [ERROR] Failed to load resource: net::ERR_INSUFFICIENT_RESOURCES @ http://localhost:5261/api/v1/admin/typography:0
[   49851ms] [ERROR] Failed to load resource: net::ERR_INSUFFICIENT_RESOURCES @ http://localhost:5261/api/v1/admin/typography:0
[   49854ms] [ERROR] Failed to load resource: net::ERR_INSUFFICIENT_RESOURCES @ http://localhost:5261/api/v1/admin/typography:0
[   49854ms] [ERROR] Failed to load resource: net::ERR_INSUFFICIENT_RESOURCES @ http://localhost:5261/api/v1/admin/typography:0
[   49854ms] [ERROR] Failed to load resource: net::ERR_INSUFFICIENT_RESOURCES @ http://localhost:5261/api/v1/admin/typography:0
[   49854ms] [ERROR] Failed to load resource: net::ERR_INSUFFICIENT_RESOURCES @ http://localhost:5261/api/v1/admin/typography:0
[   49854ms] [ERROR] Failed to load resource: net::ERR_INSUFFICIENT_RESOURCES @ http://localhost:5261/api/v1/admin/typography:0
[   49982ms] [LOG] [Fast Refresh] done in 675ms @ http://localhost:3000/_next/static/chunks/node_modules_next_dist_1e8vcs8._.js:776
[   50066ms] [LOG] [Fast Refresh] done in 675ms @ http://localhost:3000/_next/static/chunks/node_modules_next_dist_1e8vcs8._.js:776
[   50296ms] [LOG] [Fast Refresh] done in 675ms @ http://localhost:3000/_next/static/chunks/node_modules_next_dist_1e8vcs8._.js:776
